Algorithm,Profits/Costs (€),User Sat. (%),Energy Ch. (kWh),Energy Disch. (kWh),Tr. Ov. (kWh),Calendar Deg. (x10⁻³),Cyclic Deg. (x10⁻³),Exec. Time (s),Reward (x10³)
AFAP,-135.20 ± 131.26,99.28 ± 0.88,511.15 ± 87.95,0.00 ± 0.00,12.65 ± 17.90,0.06 ± 0.01,0.27 ± 0.03,0.24 ± 0.28,-0.52 ± 0.50
ALAP,-87.47 ± 80.52,77.57 ± 5.06,284.29 ± 41.53,0.00 ± 0.00,0.00 ± 0.00,0.03 ± 0.01,0.10 ± 0.00,0.19 ± 0.22,-0.07 ± 0.06
RR,-64.99 ± 60.91,74.24 ± 5.13,242.45 ± 36.76,0.00 ± 0.00,0.00 ± 0.00,0.04 ± 0.01,0.09 ± 0.00,0.23 ± 0.25,-0.06 ± 0.05
SAC,-0.98 ± 12.09,44.23 ± 5.06,222.07 ± 45.76,280.96 ± 24.81,0.00 ± 0.00,0.02 ± 0.00,0.20 ± 0.01,0.28 ± 0.24,-0.01 ± 0.02
DDPG,27.23 ± 19.52,38.06 ± 1.65,115.38 ± 16.87,262.81 ± 103.53,0.00 ± 0.00,0.02 ± 0.01,0.17 ± 0.04,0.26 ± 0.26,0.01 ± 0.01
DDPG+PER,-26.80 ± 33.07,55.56 ± 2.79,248.88 ± 78.72,179.36 ± 62.76,0.00 ± 0.00,0.03 ± 0.00,0.20 ± 0.02,0.26 ± 0.21,-0.03 ± 0.03
TQC,45.10 ± 40.40,29.52 ± 0.75,103.48 ± 24.90,330.09 ± 84.01,0.00 ± 0.00,0.01 ± 0.00,0.17 ± 0.03,0.40 ± 0.40,0.04 ± 0.04
Online_MPC_NonAdaptive,22.89 ± 20.04,42.37 ± 8.48,31.81 ± 13.76,118.25 ± 16.12,0.00 ± 0.00,0.02 ± 0.01,0.06 ± 0.02,8.13 ± 1.09,0.01 ± 0.01
Online_MPC_Adaptive,27.20 ± 25.00,41.35 ± 9.44,25.87 ± 15.93,123.88 ± 10.46,0.00 ± 0.00,0.02 ± 0.01,0.06 ± 0.01,9.70 ± 1.08,0.01 ± 0.01
