Algorithm,scenario_name,total_ev_served_mean,total_ev_served_std,total_evs_spawned_mean,total_evs_spawned_std,total_profits_mean,total_profits_std,total_energy_charged_mean,total_energy_charged_std,total_energy_discharged_mean,total_energy_discharged_std,average_user_satisfaction_mean,average_user_satisfaction_std,power_tracker_violation_mean,power_tracker_violation_std,tracking_error_mean,tracking_error_std,energy_tracking_error_mean,energy_tracking_error_std,energy_user_satisfaction_mean,energy_user_satisfaction_std,std_energy_user_satisfaction_mean,std_energy_user_satisfaction_std,min_energy_user_satisfaction_mean,min_energy_user_satisfaction_std,total_steps_min_emergency_battery_capacity_violation_mean,total_steps_min_emergency_battery_capacity_violation_std,transformer_overload_kwh_mean,transformer_overload_kwh_std,peak_transformer_loading_pct_mean,peak_transformer_loading_pct_std,average_transformer_loading_pct_mean,average_transformer_loading_pct_std,battery_degradation_mean,battery_degradation_std,battery_degradation_calendar_mean,battery_degradation_calendar_std,battery_degradation_cycling_mean,battery_degradation_cycling_std,total_reward_mean,total_reward_std,action_mask_mean,action_mask_std,execution_time_mean,execution_time_std,calendar_degradation_mean,calendar_degradation_std,cyclic_degradation_mean,cyclic_degradation_std,profit_per_ev_mean,profit_per_ev_std
AFAP,Critic,25.0,0.0,25.0,0.0,-139.96573697754482,0.0,648.0850944056498,0.0,0.0,0.0,1.0,0.0,947.82327184793,0.0,120547.70110728794,0.0,545.000231470967,0.0,99.99514242878563,0.0,0.018067204944304832,0.0,99.91304347826087,0.0,0.0,0.0,79.01382221754525,0.0,130.03521085531372,0.0,23.35647843905131,0.0,0.008100693574451015,0.0,0.0015292573787491998,0.0,0.006571436195701816,0.0,-3399.0496355439386,0.0,0.0,0.0,0.0468597412109375,0.0,6.144605535039924e-05,0.0,0.00026535007515575166,0.0,-5.598629479101793,0.0
ALAP,Critic,25.0,0.0,25.0,0.0,-89.28734466384567,0.0,372.0707719126967,0.0,0.0,0.0,0.883585271392084,0.0,364.43628276386795,0.0,125199.72620173584,0.0,529.321059421889,0.0,81.3329498411022,0.0,11.792254668762252,0.0,57.64578833693306,0.0,0.0,0.0,3.974852307433057,0.0,100.23370797225472,0.0,13.409138764331253,0.0,0.0030556746887867156,0.0,0.0008618480194145362,0.0,0.0021938266693721795,0.0,-100.5564781288429,0.0,0.0,0.0,0.03172588348388672,0.0,3.502764226637076e-05,0.0,8.720503123801221e-05,0.0,-3.5714937865538268,0.0
RR,Critic,25.0,0.0,25.0,0.0,-68.61404575010964,0.0,317.0792037164814,0.0,0.0,0.0,0.8338885589147838,0.0,0.0,0.0,68040.35782265641,0.0,402.0944862361704,0.0,77.69678912700165,0.0,18.310367483491405,0.0,43.14782608695652,0.0,0.0,0.0,0.0,0.0,43.67121256613575,0.0,11.427285782382274,0.0,0.0032913960590427198,0.0,0.0010485677104804375,0.0,0.0022428283485622824,0.0,-63.032557597091355,0.0,0.0,0.0,0.038392066955566406,0.0,4.2206793880502964e-05,0.0,9.006972479666872e-05,0.0,-2.7445618300043857,0.0
SAC,Critic,25.0,0.0,25.0,0.0,54.37273478463815,0.0,162.71273395273272,0.0,454.32986774335103,0.0,0.38431722281401687,0.0,24.039421220359927,0.0,430178.59184976737,0.0,1022.8105343534501,0.0,37.83128068924809,0.0,32.14234639989425,0.0,12.987012987012985,0.0,13.0,0.0,0.0,0.0,35.66113394510859,0.0,-10.509652754913198,0.0,0.005462875659106162,0.0,0.00043510670101911574,0.0,0.0050277689580870465,0.0,34.87069668420368,0.0,0.0,0.0,0.11919307708740234,0.0,1.7310052107844832e-05,0.0,0.0002019726245548184,0.0,2.1749093913855257,0.0
DDPG,Critic,25.0,0.0,25.0,0.0,38.44773710292376,0.0,219.85638920086413,0.0,416.745,0.0,0.4247537513775814,0.0,0.0,0.0,326063.0046571854,0.0,916.0623007517879,0.0,43.49734480867821,0.0,38.78258159887077,0.0,12.987012987012985,0.0,14.0,0.0,0.0,0.0,19.871241360055926,0.0,-7.095711092140022,0.0,0.005807958911589343,0.0,0.0004630128094420349,0.0,0.0053449461021473086,0.0,18.02623544169772,0.0,0.0,0.0,0.10873913764953613,0.0,1.849222743258868e-05,0.0,0.0002158956253935837,0.0,1.5379094841169505,0.0
DDPG+PER,Critic,25.0,0.0,25.0,0.0,-9.573028811489126,0.0,318.65976393395005,0.0,304.64750000000004,0.0,0.561431934913991,0.0,0.23940061792391942,0.0,208938.82487906874,0.0,705.2811263276637,0.0,56.90286160535443,0.0,41.41152632077,0.0,15.432098765432102,0.0,9.0,0.0,0.0,0.0,20.09541271273143,0.0,0.504991000843401,0.0,0.006161781182495139,0.0,0.0007239274858433917,0.0,0.005437853696651746,0.0,-6.684224844949919,0.0,0.0,0.0,0.12629365921020508,0.0,2.8999599327751213e-05,0.0,0.0002198468287909816,0.0,-0.38292115245956504,0.0
TQC,Critic,25.0,0.0,25.0,0.0,59.74104509933361,0.0,224.75996091994105,0.0,566.7008510360769,0.0,0.36727503892128616,0.0,30.693140683775944,0.0,549982.9507001279,0.0,1076.4611504106763,0.0,33.99963362466067,0.0,26.867068442223875,0.0,15.432098765432102,0.0,18.0,0.0,0.0,0.0,42.53905920790563,0.0,-12.323281458512616,0.0,0.006078844346114333,0.0,0.00033128753188772005,0.0,0.005747556814226614,0.0,-4695.9557487425,0.0,0.0,0.0,0.12856459617614746,0.0,1.3177487896306727e-05,0.0,0.0002309256596828027,0.0,2.3896418039733445,0.0
Online_MPC_NonAdaptive,Critic,25.0,0.0,25.0,0.0,7.0044051418178,0.0,98.85372039422188,0.0,127.94000000000001,0.0,0.6124324435033928,0.0,0.0,0.0,199678.8137276719,0.0,748.25996955843,0.0,54.51121523173436,0.0,21.170971051519775,0.0,16.188271604938272,0.0,2.0,0.0,0.0,0.0,18.451313287950942,0.0,-1.0482467014730534,0.0,0.002316800172834916,0.0,0.0007886407273417349,0.0,0.0015281594454931815,0.0,-3.6407362620626795,0.0,0.0,0.0,8.23679804801941,0.0,3.150750652318731e-05,0.0,6.111895553701013e-05,0.0,0.280176205672712,0.0
Online_MPC_Adaptive,Critic,25.0,0.0,25.0,0.0,17.057623117567935,0.0,52.40368603701633,0.0,134.26500000000001,0.0,0.5694780771356355,0.0,0.0,0.0,235297.64800189788,0.0,801.0350039156356,0.0,50.94738575990955,0.0,22.43438162512724,0.0,18.208695652173915,0.0,3.0,0.0,0.0,0.0,10.08913811046866,0.0,-2.9502175425316643,0.0,0.0020216041026242856,0.0,0.0007264511659452616,0.0,0.0012951529366790238,0.0,2.7788266535556057,0.0,0.0,0.0,10.480936527252197,0.0,2.8990259524658276e-05,0.0,5.183965891353524e-05,0.0,0.6823049247027174,0.0
AFAP,Critic_2,11.0,0.0,11.0,0.0,-58.59944423683912,0.0,271.8943838341439,0.0,0.0,0.0,0.999635241301908,0.0,420.52997149834556,0.0,23884.644079119505,0.0,229.82626466337518,0.0,99.9635241301908,0.0,0.11534682823285118,0.0,99.59876543209877,0.0,0.0,0.0,0.0,0.0,60.184062186338885,0.0,9.79886031717066,0.0,0.0034705511127789104,0.0,0.0007067880038570002,0.0,0.00276376310892191,0.0,-58.59944423683907,0.0,0.0,0.0,0.03178215026855469,0.0,6.451579935649997e-05,0.0,0.00025366626891345096,0.0,-5.32722220334901,0.0
ALAP,Critic_2,11.0,0.0,11.0,0.0,-37.12837964284442,0.0,150.68899019082707,0.0,0.0,0.0,0.8179067366266406,0.0,111.91787991041505,0.0,17989.995468711124,0.0,196.72561251272668,0.0,81.79067366266405,0.0,13.140196515325005,0.0,57.64578833693306,0.0,0.0,0.0,0.0,0.0,39.96028224807495,0.0,5.430713004782514,0.0,0.0012947098702038252,0.0,0.0004273758437744722,0.0,0.000867334026429353,0.0,-34.03156309229767,0.0,0.0,0.0,0.0303957462310791,0.0,3.934982303099792e-05,0.0,7.867991219750598e-05,0.0,-3.375307240258584,0.0
RR,Critic_2,11.0,0.0,11.0,0.0,-29.72233227992168,0.0,135.85009004513216,0.0,0.0,0.0,0.796672897165833,0.0,0.0,0.0,10645.856715506869,0.0,155.60557270321408,0.0,79.6672897165833,0.0,18.43882026137091,0.0,51.589506172839506,0.0,0.0,0.0,0.0,0.0,19.980141124037512,0.0,4.895930683288134,0.0,0.001450908771603868,0.0,0.0005052514416195011,0.0,0.0009456573299843667,0.0,-28.452046899167982,0.0,0.0,0.0,0.04041790962219238,0.0,4.618982487170606e-05,0.0,8.649251933619723e-05,0.0,-2.7020302072656075,0.0
SAC,Critic_2,11.0,0.0,11.0,0.0,10.368225731246374,0.0,152.5231234043074,0.0,213.37321500923184,0.0,0.5107722372579944,0.0,9.899999999999999,0.0,53205.333884754546,0.0,357.25575435327085,0.0,51.07722372579943,0.0,34.998050081707134,0.0,15.432098765432102,0.0,6.0,0.0,0.0,0.0,23.04960481965973,0.0,-2.1929895701244577,0.0,0.0032871933244861475,0.0,0.00030216881082572694,0.0,0.0029850245136604204,0.0,10.849943993314831,0.0,0.0,0.0,0.11137127876281738,0.0,2.7495330703631096e-05,0.0,0.00027184320488066345,0.0,0.9425659755678523,0.0
DDPG,Critic_2,11.0,0.0,11.0,0.0,41.61310226815371,0.0,41.12244498232162,0.0,245.41000000000003,0.0,0.3128460912750587,0.0,0.0,0.0,99149.51331513182,0.0,495.7432177660246,0.0,31.284609127505863,0.0,32.4175938565904,0.0,12.987012987012985,0.0,7.0,0.0,0.0,0.0,6.720592923539886,0.0,-7.362363237983023,0.0,0.0024993470795850498,0.0,0.000161979635369566,0.0,0.0023373674442154838,0.0,36.287859609812244,0.0,0.0,0.0,0.1070852279663086,0.0,1.458213821349438e-05,0.0,0.0002140035010084044,0.0,3.7830092971048828,0.0
DDPG+PER,Critic_2,11.0,0.0,11.0,0.0,-19.37375844904317,0.0,177.41107252055616,0.0,103.19500000000001,0.0,0.6973225929122981,0.0,94.21917788514874,0.0,30747.351067737716,0.0,264.34917917036455,0.0,69.73225929122981,0.0,39.967914401671266,0.0,15.432098765432102,0.0,2.0,0.0,0.0,0.0,26.700734047577377,0.0,2.6746890379374326,0.0,0.003097240771221726,0.0,0.0004749556757145288,0.0,0.0026222850955071974,0.0,-17.19762228556836,0.0,0.0,0.0,0.12682271003723145,0.0,4.326630440917322e-05,0.0,0.00024037142843257283,0.0,-1.7612507680948335,0.0
TQC,Critic_2,11.0,0.0,11.0,0.0,18.822609821297522,0.0,129.88945638396171,0.0,239.30435234937988,0.0,0.434326424284518,0.0,3.307959832161938,0.0,81862.04588107171,0.0,402.52453862984544,0.0,43.43264242845179,0.0,31.414222662563407,0.0,12.987012987012985,0.0,6.0,0.0,0.0,0.0,26.13689448989063,0.0,-3.943227024640937,0.0,0.002761841010188212,0.0,0.0001739803748865015,0.0,0.0025878606353017105,0.0,20.315446418548987,0.0,0.0,0.0,0.12066173553466797,0.0,1.591780590607346e-05,0.0,0.0002371108912108809,0.0,1.7111463473906838,0.0
Online_MPC_NonAdaptive,Critic_2,11.0,0.0,11.0,0.0,18.596448231704308,0.0,38.8480683510921,0.0,123.78,0.0,0.47776166117665325,0.0,0.0,0.0,48693.40182263542,0.0,376.387594397254,0.0,47.77616611766532,0.0,26.262697643545454,0.0,15.679012345679014,0.0,3.0,0.0,0.0,0.0,6.036377084735143,0.0,-3.060880195314369,0.0,0.0015779518587117048,0.0,0.00034423401875233834,0.0,0.0012337178399593664,0.0,14.450616461760058,0.0,0.0,0.0,7.705281019210815,0.0,3.113898980748067e-05,0.0,0.0001125178499342756,0.0,1.6905862028822098,0.0
Online_MPC_Adaptive,Critic_2,11.0,0.0,11.0,0.0,21.469303504410643,0.0,20.66628041370349,0.0,122.50500000000001,0.0,0.4492841062814435,0.0,0.0,0.0,53900.80951551872,0.0,393.29438233464265,0.0,44.92841062814435,0.0,21.261806652837898,0.0,22.332613390928728,0.0,4.0,0.0,0.0,0.0,3.0574835131386453,0.0,-3.6701875707530403,0.0,0.0012712321087849586,0.0,0.00031517748776042995,0.0,0.0009560546210245287,0.0,17.427742015038792,0.0,0.0,0.0,8.53810429573059,0.0,2.8472809828198347e-05,0.0,8.702157038450358e-05,0.0,1.9517548640373312,0.0
AFAP,Realistic,14.0,0.0,14.0,0.0,-60.96196885704885,0.0,289.6012186074513,0.0,0.0,0.0,1.0,0.0,526.9099301458537,0.0,37920.329475896215,0.0,285.5069405501436,0.0,100.0,0.0,0.0,0.0,100.0,0.0,0.0,0.0,0.0,0.0,79.52999999999997,0.0,10.34290066455183,0.0,0.003977422118569367,0.0,0.0008816121549890609,0.0,0.003095809963580306,0.0,-60.961968857048845,0.0,0.0,0.0,0.047197818756103516,0.0,6.315431024546895e-05,0.0,0.00022239849866534142,0.0,-4.354426346932061,0.0
ALAP,Realistic,14.0,0.0,14.0,0.0,-40.699511717109864,0.0,171.57716429535486,0.0,0.0,0.0,0.9209868775207691,0.0,294.67015500188603,0.0,39738.42381368629,0.0,287.41110729025627,0.0,85.54091872477966,0.0,12.107581875742,0.0,64.3448275862069,0.0,0.0,0.0,0.0,0.0,78.09966019858841,0.0,6.127755867691244,0.0,0.0017893761451202833,0.0,0.0005483418860386496,0.0,0.0012410342590816338,0.0,-40.09884496675329,0.0,0.0,0.0,0.04715991020202637,0.0,3.964692312919559e-05,0.0,8.819129711829292e-05,0.0,-2.9071079797935617,0.0
RR,Realistic,14.0,0.0,14.0,0.0,-30.686304379000063,0.0,145.94649592004572,0.0,0.0,0.0,0.876449194198286,0.0,0.0,0.0,14479.297678778916,0.0,165.70669816462234,0.0,82.48356056738564,0.0,19.896871278150932,0.0,47.65217391304348,0.0,0.0,0.0,0.0,0.0,22.012437274866716,0.0,5.212374854287347,0.0,0.0018436354404127585,0.0,0.0006348632872900685,0.0,0.0012087721531226898,0.0,-30.521892595586603,0.0,0.0,0.0,0.031800031661987305,0.0,4.5570304419274015e-05,0.0,8.662113602516553e-05,0.0,-2.1918788842142902,0.0
SAC,Realistic,14.0,0.0,14.0,0.0,37.342615543588124,0.0,104.20575953415715,0.0,300.1615167075656,0.0,0.46911241983358704,0.0,18.53662978759313,0.0,117338.58485780383,0.0,516.877266151873,0.0,43.64868921359425,0.0,33.945353096547585,0.0,15.432098765432102,0.0,6.0,0.0,0.0,0.0,6.262918358166355,0.0,-6.998419899050303,0.0,0.0032654058461528985,0.0,0.0003384512916456071,0.0,0.002926954554507291,0.0,36.62519666303846,0.0,0.0,0.0,0.1266465187072754,0.0,2.4002206945904784e-05,0.0,0.0002089719849510614,0.0,2.667329681684866,0.0
DDPG,Realistic,14.0,0.0,14.0,0.0,39.634237246878,0.0,89.8232764680917,0.0,292.65500000000003,0.0,0.4209278899470326,0.0,0.0,0.0,114959.1280185903,0.0,514.4849176165765,0.0,40.74065295237579,0.0,37.50786339838683,0.0,15.432098765432102,0.0,7.0,0.0,0.0,0.0,0.0,0.0,-7.2439901261395825,0.0,0.00322892893937825,0.0,0.00033793907937726544,0.0,0.002890989860000984,0.0,37.06515234497199,0.0,0.0,0.0,0.10029292106628418,0.0,2.3936952655914125e-05,0.0,0.00020715100715492114,0.0,2.8310169462055716,0.0
DDPG+PER,Realistic,14.0,0.0,14.0,0.0,17.954841447110244,0.0,106.73428171591453,0.0,207.45000000000002,0.0,0.5377006047800922,0.0,45.598834245895254,0.0,91242.97353629905,0.0,435.1683294917011,0.0,52.67876871592258,0.0,41.00594509361603,0.0,15.432098765432102,0.0,6.0,0.0,0.0,0.0,10.023811010529716,0.0,-3.5969899387173374,0.0,0.0030962935261148673,0.0,0.00043255851417489574,0.0,0.002663735011939971,0.0,17.369565737508353,0.0,0.0,0.0,0.11064648628234863,0.0,3.0802697770138653e-05,0.0,0.00019170381379350347,0.0,1.2824886747935889,0.0
TQC,Realistic,14.0,0.0,14.0,0.0,22.419916892459764,0.0,156.09279871450167,0.0,283.8707774160123,0.0,0.5179257993550563,0.0,35.640833867982565,0.0,102248.57920655108,0.0,457.25158972016993,0.0,48.912429084812224,0.0,34.08853722383941,0.0,15.625,0.0,7.0,0.0,0.0,0.0,36.4510361824371,0.0,-4.563499239339665,0.0,0.0032545759153506486,0.0,0.0003058643019589837,0.0,0.002948711613391665,0.0,24.698154392420108,0.0,0.0,0.0,0.12672066688537598,0.0,2.1875960746514828e-05,0.0,0.00021217700911885899,0.0,1.6014226351756975,0.0
Online_MPC_NonAdaptive,Realistic,14.0,0.0,14.0,0.0,16.43912160391869,0.0,43.8090254560749,0.0,118.53,0.0,0.6195461067079119,0.0,0.0,0.0,58867.63076722691,0.0,386.3741686285932,0.0,55.91807266367681,0.0,28.460385599127846,0.0,17.24137931034483,0.0,3.0,0.0,0.0,0.0,7.893655094887722,0.0,-2.668606233711611,0.0,0.0015509426037870922,0.0,0.0004642018428066231,0.0,0.0010867407609804695,0.0,13.537911624966025,0.0,0.0,0.0,9.6704261302948,0.0,3.301571915983689e-05,0.0,7.769756283957807e-05,0.0,1.1742229717084778,0.0
Online_MPC_Adaptive,Realistic,14.0,0.0,14.0,0.0,17.976701879285656,0.0,20.06696866403434,0.0,107.305,0.0,0.5985935265608537,0.0,0.0,0.0,67311.75276662793,0.0,398.8912254206337,0.0,54.26152089576784,0.0,27.75685785593406,0.0,17.24137931034483,0.0,3.0,0.0,0.0,0.0,2.4725607062099217,0.0,-3.115643976284488,0.0,0.0012180055531951879,0.0,0.0004356418113267499,0.0,0.000782363741868438,0.0,16.45217193007809,0.0,0.0,0.0,10.621604204177856,0.0,3.0991356030993534e-05,0.0,5.633064485364095e-05,0.0,1.2840501342346897,0.0
AFAP,Realistic_load,17.0,0.0,17.0,0.0,-88.60100006854603,0.0,420.53592514942665,0.0,0.0,0.0,1.0,0.0,642.8144236133153,0.0,59823.80064092561,0.0,358.8277072933132,0.0,99.99797160243408,0.0,0.00811359026369353,0.0,99.9655172413793,0.0,0.0,0.0,5.763192853047059,0.0,105.09813724243486,0.0,15.019140183908094,0.0,0.005427711114545784,0.0,0.0010426794482918088,0.0,0.004385031666253976,0.0,-136.48457871958234,0.0,0.0,0.0,0.05892801284790039,0.0,6.157978599853355e-05,0.0,0.0002599491007534266,0.0,-5.211823533443884,0.0
ALAP,Realistic_load,17.0,0.0,17.0,0.0,-57.46427969284441,0.0,239.788990190827,0.0,0.0,0.0,0.8905094606618291,0.0,246.65215238239838,0.0,55549.26517243231,0.0,341.49350663645436,0.0,82.32311576858658,0.0,12.533216418924189,0.0,57.64578833693306,0.0,0.0,0.0,0.0,0.0,59.399999999999956,0.0,8.56389250681525,0.0,0.002041432927860366,0.0,0.0005981268596986613,0.0,0.0014433060681617047,0.0,-53.812836214145136,0.0,0.0,0.0,0.036107540130615234,0.0,3.570823854251649e-05,0.0,8.492510299991298e-05,0.0,-3.3802517466379065,0.0
RR,Realistic_load,17.0,0.0,17.0,0.0,-44.88219631000791,0.0,209.54143732132178,0.0,0.0,0.0,0.8469757654788674,0.0,0.0,0.0,26728.06806995885,0.0,248.41498331476035,0.0,79.53926480412949,0.0,17.10203360060444,0.0,47.65217391304348,0.0,0.0,0.0,0.0,0.0,29.70000000000001,0.0,7.483622761475776,0.0,0.0021904650463819347,0.0,0.0007247292189445909,0.0,0.0014657358274373436,0.0,-43.08998806191237,0.0,0.0,0.0,0.03744339942932129,0.0,4.288169169496884e-05,0.0,8.651618283065628e-05,0.0,-2.640129194706348,0.0
SAC,Realistic_load,17.0,0.0,17.0,0.0,11.55718471645403,0.0,253.88610695946093,0.0,320.1204752086197,0.0,0.5553619431291466,0.0,0.0,0.0,133391.47111330388,0.0,524.190788885241,0.0,52.099198922543906,0.0,34.329387241305255,0.0,15.432098765432102,0.0,9.0,0.0,0.0,0.0,38.464505843656966,0.0,-2.365513151755671,0.0,0.004743095203366918,0.0,0.0003890400538277071,0.0,0.004354055149539211,0.0,9.53872210074068,0.0,0.0,0.0,0.12415432929992676,0.0,2.2964947045589515e-05,0.0,0.00025771335371270373,0.0,0.6798343950855311,0.0
DDPG,Realistic_load,17.0,0.0,17.0,0.0,58.91228573819912,0.0,109.29741148805027,0.0,403.72,0.0,0.3273120078867532,0.0,0.0,0.0,236851.7986903504,0.0,752.3790091480316,0.0,31.222786592160727,0.0,31.85919447559794,0.0,12.987012987012985,0.0,12.0,0.0,0.0,0.0,0.05612241466776303,0.0,-10.515092446855347,0.0,0.004185457953378056,0.0,0.00022031862485649714,0.0,0.003965139328521559,0.0,39.09259428826707,0.0,0.0,0.0,0.10998058319091797,0.0,1.2807314827367075e-05,0.0,0.0002359646159167028,0.0,3.465428572835242,0.0
DDPG+PER,Realistic_load,17.0,0.0,17.0,0.0,2.9013285148339705,0.0,199.05851979552446,0.0,240.40500000000006,0.0,0.5673523605015376,0.0,31.668424276495557,0.0,128071.38651899285,0.0,515.1371129788054,0.0,55.76556640051363,0.0,41.71404492768987,0.0,12.987012987012985,0.0,7.0,0.0,0.0,0.0,13.064667808684243,0.0,-1.4766600073026976,0.0,0.004418636086655403,0.0,0.0005465435170516798,0.0,0.0038720925696037237,0.0,3.4340670822652064,0.0,0.0,0.0,0.11199331283569336,0.0,3.2118479566385816e-05,0.0,0.0002298485674275617,0.0,0.17066638322552768,0.0
TQC,Realistic_load,17.0,0.0,17.0,0.0,65.2981946995116,0.0,43.66562118052664,0.0,380.11762049810915,0.0,0.28792465307719234,0.0,0.0,0.0,300790.595332921,0.0,794.4084199536644,0.0,26.499425673499037,0.0,21.401472610202745,0.0,15.432098765432102,0.0,11.0,0.0,0.0,0.0,24.95899286611698,0.0,-12.016142832770807,0.0,0.0032287243766387723,0.0,0.00016129898170668064,0.0,0.0030674253949320917,0.0,50.18180538133598,0.0,0.0,0.0,0.1259162425994873,0.0,9.321688978827631e-06,0.0,0.00018185811580044074,0.0,3.8410702764418585,0.0
Online_MPC_NonAdaptive,Realistic_load,17.0,0.0,17.0,0.0,12.749248548822854,0.0,66.53182660487141,0.0,123.24000000000001,0.0,0.6004182259614536,0.0,0.0,0.0,96669.9866428458,0.0,514.6645940312108,0.0,54.037640336530835,0.0,23.962715072104622,0.0,16.280864197530867,0.0,4.0,0.0,0.0,0.0,12.226752882041065,0.0,-2.0252919069688784,0.0,0.0017206786954783592,0.0,0.0005276954448820874,0.0,0.0011929832505962715,0.0,7.355040139891441,0.0,0.0,0.0,7.660041332244873,0.0,3.094991984541276e-05,0.0,7.037694411359535e-05,0.0,0.7499557969895796,0.0
Online_MPC_Adaptive,Realistic_load,17.0,0.0,17.0,0.0,18.64574578821547,0.0,33.304826248698845,0.0,122.26500000000001,0.0,0.5654057922260598,0.0,0.0,0.0,113363.69383496174,0.0,546.9165943873834,0.0,50.88652130034537,0.0,21.307658609624887,0.0,14.636363636363637,0.0,3.0,0.0,0.0,0.0,5.467661527989832,0.0,-3.1771490625464702,0.0,0.0016247960303066241,0.0,0.0004915505586999147,0.0,0.0011332454716067096,0.0,12.287109085702031,0.0,0.0,0.0,9.042200803756714,0.0,2.8795503474093204e-05,0.0,6.675709857282696e-05,0.0,1.0968085757773807,0.0
AFAP,V2GProfitMax,16.0,0.0,16.0,0.0,-98.6953790347602,0.0,464.67299778112334,0.0,0.0,0.0,1.0,0.0,643.1303946214376,0.0,61677.66935543796,0.0,368.077344041621,0.0,100.0,0.0,0.0,0.0,100.0,0.0,0.0,0.0,1.2028706277353756,0.0,103.17647115693744,0.0,16.595464206468687,0.0,0.005380781954359334,0.0,0.0009551547777394808,0.0,0.004425627176619852,0.0,-90.83786435547302,0.0,0.0,0.0,0.03561735153198242,0.0,6.0016677824146525e-05,0.0,0.00027940089732436104,0.0,-6.168461189672512,0.0
ALAP,V2GProfitMax,16.0,0.0,16.0,0.0,-55.74511486058628,0.0,249.53542286274165,0.0,0.0,0.0,0.7754081549970567,0.0,311.2271314305753,0.0,85570.29307100765,0.0,417.2632873645714,0.0,77.54081549970567,0.0,14.493132759047201,0.0,61.419753086419746,0.0,0.0,0.0,0.0,0.0,92.84999999999997,0.0,8.911979387955059,0.0,0.0021974015555746205,0.0,0.00046551839222826316,0.0,0.0017318831633463573,0.0,-47.68367686194968,0.0,0.0,0.0,0.030701160430908203,0.0,2.968143302658526e-05,0.0,0.00010659499673146276,0.0,-3.4840696787866423,0.0
RR,V2GProfitMax,16.0,0.0,16.0,0.0,-44.35094039018081,0.0,212.90012308846192,0.0,0.0,0.0,0.7416935519184733,0.0,0.0,0.0,42032.09612467276,0.0,298.28502142356353,0.0,74.16935519184733,0.0,22.133326031290853,0.0,44.078125,0.0,0.0,0.0,0.0,0.0,36.36000000000001,0.0,7.603575824587925,0.0,0.0020839653006791536,0.0,0.000590803707270342,0.0,0.001493161593408812,0.0,-42.65014216930518,0.0,0.0,0.0,0.035286664962768555,0.0,3.720590172674897e-05,0.0,9.30820850827328e-05,0.0,-2.7719337743863006,0.0
SAC,V2GProfitMax,16.0,0.0,16.0,0.0,-39.16320895826955,0.0,326.11219210254836,0.0,142.32515097129522,0.0,0.7020009361139696,0.0,121.72877853691284,0.0,71402.71710205376,0.0,388.2624926492289,0.0,70.20009361139697,0.0,35.03210532480838,0.0,16.867283950617285,0.0,3.0,0.0,0.0,0.0,43.94409264483005,0.0,6.563822897544753,0.0,0.00424392294064911,0.0,0.000526568488505577,0.0,0.0037173544521435327,0.0,-37.7501511020303,0.0,0.0,0.0,0.11730051040649414,0.0,3.317000934608109e-05,0.0,0.00023258231636473682,0.0,-2.447700559891847,0.0
DDPG,V2GProfitMax,16.0,0.0,16.0,0.0,-7.790778922749376,0.0,193.0373532080447,0.0,153.3025,0.0,0.5371524127707464,0.0,0.0,0.0,99245.64913521492,0.0,471.4502913039808,0.0,53.71524127707465,0.0,40.85339427561788,0.0,15.432098765432102,0.0,4.0,0.0,0.0,0.0,22.379999999999974,0.0,1.4191019002873078,0.0,0.003446914595219127,0.0,0.000461539351162816,0.0,0.0029853752440563114,0.0,-10.55636234580997,0.0,0.0,0.0,0.09638738632202148,0.0,2.8869995491329114e-05,0.0,0.00018844021404186757,0.0,-0.486923682671836,0.0
DDPG+PER,V2GProfitMax,16.0,0.0,16.0,0.0,6.354255055452843,0.0,157.83012856409016,0.0,179.395,0.0,0.48319353428175027,0.0,0.0,0.0,116524.80545837987,0.0,532.7500159479353,0.0,48.31935342817502,0.0,40.072516834805256,0.0,15.432098765432102,0.0,5.0,0.0,0.0,0.0,35.76445939385063,0.0,-0.7701739798539242,0.0,0.0032063239487036214,0.0,0.0003660206350548873,0.0,0.0028403033136487335,0.0,0.36360480495455216,0.0,0.0,0.0,0.08302855491638184,0.0,2.286560109209206e-05,0.0,0.0001775358593265338,0.0,0.3971409409658027,0.0
TQC,V2GProfitMax,16.0,0.0,16.0,0.0,36.76872362979342,0.0,148.12116137278207,0.0,339.39121677788285,0.0,0.2956320606421233,0.0,109.09591488690101,0.0,275304.20353399613,0.0,757.0031573605769,0.0,29.563206064212327,0.0,21.04066427908682,0.0,15.432098765432102,0.0,9.0,0.0,0.0,0.0,60.60781337792874,0.0,-6.83107340732503,0.0,0.003102215049188475,0.0,0.00013004440002244556,0.0,0.0029721706491660296,0.0,34.82855292643842,0.0,0.0,0.0,0.10737991333007812,0.0,8.08300917184528e-06,0.0,0.00018600689882026781,0.0,2.298045226862089,0.0
Online_MPC_NonAdaptive,V2GProfitMax,16.0,0.0,16.0,0.0,6.668116758013589,0.0,42.886918741294515,0.0,68.61,0.0,0.4872258145774968,0.0,0.0,0.0,121804.23081718003,0.0,536.908225770731,0.0,48.72258145774969,0.0,26.35251325943719,0.0,15.432098765432102,0.0,1.0,0.0,0.0,0.0,12.159546102313742,0.0,-0.918681473525196,0.0,0.0012588803722633564,0.0,0.00039396844995925363,0.0,0.0008649119223041029,0.0,0.49586073449103063,0.0,0.0,0.0,6.98794150352478,0.0,2.4586769164193005e-05,0.0,5.4005899465840394e-05,0.0,0.4167572973758493,0.0
Online_MPC_Adaptive,V2GProfitMax,16.0,0.0,16.0,0.0,14.026441648895567,0.0,38.368778577159176,0.0,99.42500000000001,0.0,0.44877273001583784,0.0,0.0,0.0,138609.76691333856,0.0,572.2413659348665,0.0,44.87727300158379,0.0,24.521285557860526,0.0,15.432098765432102,0.0,3.0,0.0,0.0,0.0,12.213315999483894,0.0,-2.1805793365300294,0.0,0.0014019145546757547,0.0,0.00035149268431600714,0.0,0.0010504218703597475,0.0,6.438897634144162,0.0,0.0,0.0,8.583351612091064,0.0,2.1894158180283634e-05,0.0,6.558494880815017e-05,0.0,0.8766526030559729,0.0
AFAP,V2GProfitPlusLoads,17.0,0.0,17.0,0.0,-88.60100006854603,0.0,420.53592514942665,0.0,0.0,0.0,0.9999797160243408,0.0,642.8144236133153,0.0,59823.80064092561,0.0,358.8277072933132,0.0,99.99797160243408,0.0,0.00811359026369353,0.0,99.9655172413793,0.0,0.0,0.0,0.0,0.0,52.54906862121743,0.0,7.509570091954047,0.0,0.005427711114545784,0.0,0.0010426794482918088,0.0,0.004385031666253976,0.0,-88.60100006854604,0.0,0.0,0.0,0.04738879203796387,0.0,6.157978599853355e-05,0.0,0.0002599491007534266,0.0,-5.211823533443884,0.0
ALAP,V2GProfitPlusLoads,17.0,0.0,17.0,0.0,-57.46427969284441,0.0,239.788990190827,0.0,0.0,0.0,0.8232311576858657,0.0,246.65215238239838,0.0,55549.26517243231,0.0,341.49350663645436,0.0,82.32311576858658,0.0,12.533216418924189,0.0,57.64578833693306,0.0,0.0,0.0,0.0,0.0,29.699999999999978,0.0,4.281946253407625,0.0,0.002041432927860366,0.0,0.0005981268596986613,0.0,0.0014433060681617047,0.0,-51.053696283777924,0.0,0.0,0.0,0.04788470268249512,0.0,3.570823854251649e-05,0.0,8.492510299991298e-05,0.0,-3.3802517466379065,0.0
RR,V2GProfitPlusLoads,17.0,0.0,17.0,0.0,-44.88219631000791,0.0,209.54143732132178,0.0,0.0,0.0,0.7953926480412948,0.0,0.0,0.0,26728.06806995885,0.0,248.41498331476035,0.0,79.53926480412949,0.0,17.10203360060444,0.0,47.65217391304348,0.0,0.0,0.0,0.0,0.0,14.850000000000005,0.0,3.741811380737888,0.0,0.0021904650463819347,0.0,0.0007247292189445909,0.0,0.0014657358274373436,0.0,-42.68276055160948,0.0,0.0,0.0,0.032369136810302734,0.0,4.288169169496884e-05,0.0,8.651618283065628e-05,0.0,-2.640129194706348,0.0
SAC,V2GProfitPlusLoads,17.0,0.0,17.0,0.0,-27.713036305928764,0.0,399.2811502412808,0.0,254.51105107070765,0.0,0.7189120281777641,0.0,51.570488325772764,0.0,61794.52086812271,0.0,338.97156562839535,0.0,71.8912028177764,0.0,34.47512674089003,0.0,15.432098765432102,0.0,6.0,0.0,0.0,0.0,36.95537400256063,0.0,2.585180342331662,0.0,0.005221619427346418,0.0,0.0005845871921696852,0.0,0.004637032235176733,0.0,-28.14166561386294,0.0,0.0,0.0,0.12795138359069824,0.0,3.466947776416434e-05,0.0,0.0002757396030769418,0.0,-1.6301786062311037,0.0
DDPG,V2GProfitPlusLoads,17.0,0.0,17.0,0.0,63.16404377819913,0.0,109.29741148805027,0.0,403.72,0.0,0.3122278659216073,0.0,0.0,0.0,236851.7986903504,0.0,752.3790091480316,0.0,31.222786592160727,0.0,31.85919447559794,0.0,12.987012987012985,0.0,12.0,0.0,0.0,0.0,0.028061207333881514,0.0,-5.257546223427673,0.0,0.004185457953378056,0.0,0.00022031862485649714,0.0,0.003965139328521559,0.0,41.98180627788412,0.0,0.0,0.0,0.10590744018554688,0.0,1.2807314827367075e-05,0.0,0.0002359646159167028,0.0,3.71553198695289,0.0
DDPG+PER,V2GProfitPlusLoads,17.0,0.0,17.0,0.0,5.35160170233398,0.0,199.05851979552446,0.0,240.40500000000006,0.0,0.5576556640051364,0.0,31.668424276495557,0.0,128071.38651899285,0.0,515.1371129788054,0.0,55.76556640051363,0.0,41.71404492768987,0.0,12.987012987012985,0.0,7.0,0.0,0.0,0.0,6.532333904342122,0.0,-0.7383300036513488,0.0,0.004418636086655403,0.0,0.0005465435170516798,0.0,0.0038720925696037237,0.0,5.707745325263212,0.0,0.0,0.0,0.12248992919921875,0.0,3.2118479566385816e-05,0.0,0.0002298485674275617,0.0,0.3148001001372929,0.0
TQC,V2GProfitPlusLoads,17.0,0.0,17.0,0.0,46.67331640234028,0.0,110.4955793965781,0.0,347.5685526675745,0.0,0.36473907237006675,0.0,36.38821802995396,0.0,279329.86723335664,0.0,713.2235029220556,0.0,36.47390723700668,0.0,31.77467185077816,0.0,14.636363636363637,0.0,10.0,0.0,0.0,0.0,13.283767713042058,0.0,-4.233445951267794,0.0,0.0036555326393089027,0.0,0.0002315281185486775,0.0,0.003424004520760225,0.0,42.84650337868003,0.0,0.0,0.0,0.1270003318786621,0.0,1.3569224303813247e-05,0.0,0.00020288140317699274,0.0,2.7454892001376634,0.0
Online_MPC_NonAdaptive,V2GProfitPlusLoads,17.0,0.0,17.0,0.0,17.991147951641846,0.0,51.763955703957976,0.0,128.375,0.0,0.5212742766975894,0.0,0.0,0.0,104607.56556229768,0.0,534.567464932124,0.0,52.127427669758944,0.0,22.00118202964393,0.0,18.191304347826087,0.0,5.0,0.0,0.0,0.0,2.1814656279266345,0.0,-1.3680543624293218,0.0,0.0016626606863378052,0.0,0.0005105002519982066,0.0,0.0011521604343395985,0.0,8.418922200191663,0.0,0.0,0.0,9.740941524505615,0.0,2.9923375957934274e-05,0.0,6.776277585514993e-05,0.0,1.0583028206848144,0.0
Online_MPC_Adaptive,V2GProfitPlusLoads,17.0,0.0,17.0,0.0,20.808764765667654,0.0,39.35033260119284,0.0,130.27499999999998,0.0,0.502565829946418,0.0,0.0,0.0,111185.49196633504,0.0,548.8810880348893,0.0,50.25658299464181,0.0,20.538972223495055,0.0,20.34782608695652,0.0,3.0,0.0,0.0,0.0,2.835469168151841,0.0,-1.6236547749786994,0.0,0.0015504857843957954,0.0,0.0004932497343591361,0.0,0.0010572360500366595,0.0,10.357544580584602,0.0,0.0,0.0,10.620723009109497,0.0,2.8884702241098025e-05,0.0,6.229770084589483e-05,0.0,1.2240449862157443,0.0
