Algorithm,parameter_name,parameter_value,total_ev_served_mean,total_ev_served_std,total_profits_mean,total_profits_std,total_energy_charged_mean,total_energy_charged_std,total_energy_discharged_mean,total_energy_discharged_std,average_user_satisfaction_mean,average_user_satisfaction_std,power_tracker_violation_mean,power_tracker_violation_std,tracking_error_mean,tracking_error_std,energy_tracking_error_mean,energy_tracking_error_std,energy_user_satisfaction_mean,energy_user_satisfaction_std,std_energy_user_satisfaction_mean,std_energy_user_satisfaction_std,min_energy_user_satisfaction_mean,min_energy_user_satisfaction_std,total_steps_min_emergency_battery_capacity_violation_mean,total_steps_min_emergency_battery_capacity_violation_std,transformer_overload_kwh_mean,transformer_overload_kwh_std,peak_transformer_loading_pct_mean,peak_transformer_loading_pct_std,average_transformer_loading_pct_mean,average_transformer_loading_pct_std,battery_degradation_mean,battery_degradation_std,battery_degradation_calendar_mean,battery_degradation_calendar_std,battery_degradation_cycling_mean,battery_degradation_cycling_std,total_reward_mean,total_reward_std,action_mask_mean,action_mask_std,execution_time_mean,execution_time_std,calendar_degradation_mean,calendar_degradation_std,cyclic_degradation_mean,cyclic_degradation_std,profit_per_ev_mean,profit_per_ev_std
AFAP,EV Spawn Multiplier,1,10.0,0.0,-78.19499234807203,0.0,257.292678112638,0.0,0.0,0.0,1.0,0.0,343.1084109748682,0.0,18301.64663510247,0.0,193.4186139494246,0.0,99.90991107657774,0.0,0.2503679627077336,0.0,99.16083916083916,0.0,0.0,0.0,166.76958120183005,0.0,60.026165030968706,0.0,9.282051048941113,0.0,0.0030233517809876527,0.0,0.0005266584719315556,0.0,0.002496693309056098,0.0,-78.194992348072,0.0,0.0,0.0,0.047907114028930664,0.0,5.2982707021070896e-05,0.0,0.0002529635122856498,0.0,-19.54874808701801,0.0
ALAP,EV Spawn Multiplier,1,10.0,0.0,-68.98121907526013,0.0,144.1900253197452,0.0,0.0,0.0,0.8717200807431249,0.0,143.65050448605336,0.0,25370.930903493456,0.0,206.79231349791004,0.0,80.97853788409012,0.0,12.350964769226733,0.0,66.06896551724138,0.0,0.0,0.0,131.61569472123443,0.0,40.00089811557049,0.0,5.201777157374329,0.0,0.0011402099027602898,0.0,0.0003077910253949098,0.0,0.0008324188773653804,0.0,-126.28263430979618,0.0,0.0,0.0,0.047135353088378906,0.0,3.1301612902650125e-05,0.0,8.21126510456745e-05,0.0,-17.245304768815032,0.0
RR,EV Spawn Multiplier,1,10.0,0.0,-49.827707015734475,0.0,136.54367964177814,0.0,0.0,0.0,0.8497880257402164,0.0,0.0,0.0,11047.812820990244,0.0,142.61340693285032,0.0,79.58672520937888,0.0,16.40948968744896,0.0,48.56896551724138,0.0,0.0,0.0,80.1090650331046,0.0,21.485667474548855,0.0,4.925928767745188,0.0,0.0011844341797897714,0.0,0.000364548357876421,0.0,0.0008198858219133502,0.0,-46.09809632129781,0.0,0.0,0.0,0.029318571090698242,0.0,3.67592483815552e-05,0.0,8.295400702694777e-05,0.0,-12.456926753933619,0.0
SAC,EV Spawn Multiplier,1,10.0,0.0,22.825190782718217,0.0,129.19490815562312,0.0,220.04633825685102,0.0,0.45089977954745564,0.0,7.961288936394415,0.0,66999.6968998956,0.0,373.98916114405336,0.0,42.47391592720678,0.0,32.839778953977685,0.0,12.987012987012985,0.0,5.0,0.0,11.882866263795652,0.0,10.00022452889261,0.0,-3.277542207010362,0.0,0.0026706240488338613,0.0,0.00021010467407146184,0.0,0.0024605193747624,0.0,24.438312823748824,0.0,0.0,0.0,0.13814640045166016,0.0,2.0758537173766596e-05,0.0,0.0002467482121283695,0.0,5.706297695679554,0.0
DDPG,EV Spawn Multiplier,1,10.0,0.0,22.310483314225383,0.0,39.87166159696217,0.0,122.23,0.0,0.43275563864158456,0.0,0.0,0.0,62426.1697349837,0.0,361.51542497766644,0.0,41.95712879121175,0.0,38.00221605066183,0.0,15.432098765432102,0.0,2.0,0.0,8.879916784305095,0.0,10.000224528892609,0.0,-2.971146738300498,0.0,0.001544765781329229,0.0,0.00020992602003811777,0.0,0.001334839761291111,0.0,16.657326825736103,0.0,0.0,0.0,0.07922005653381348,0.0,2.0883144742773068e-05,0.0,0.0001349243500193609,0.0,5.577620828556346,0.0
DDPG+PER,EV Spawn Multiplier,1,10.0,0.0,18.662933095369254,0.0,71.06682250296873,0.0,146.28000000000003,0.0,0.4349325337331334,0.0,0.0,0.0,55179.5825713594,0.0,354.37026407165996,0.0,42.14687650994498,0.0,37.8603549140584,0.0,17.24137931034483,0.0,2.0,0.0,19.169991883807636,0.0,10.000224528892616,0.0,-2.7133790133541367,0.0,0.0018692826473035026,0.0,0.0001586246571087398,0.0,0.0017106579901947627,0.0,14.014622888118776,0.0,0.0,0.0,0.09986591339111328,0.0,1.578911828670655e-05,0.0,0.0001733961906852616,0.0,4.665733273842314,0.0
TQC,EV Spawn Multiplier,1,10.0,0.0,19.896874981826098,0.0,157.53852745856972,0.0,214.82435421806662,0.0,0.48552442091711345,0.0,52.747164222279025,0.0,70547.53728310879,0.0,362.8164954452649,0.0,46.37812842126685,0.0,35.58432980491494,0.0,15.432098765432102,0.0,5.0,0.0,19.716317907569394,0.0,43.902345128461576,0.0,-2.0666346678146255,0.0,0.0029172506645851956,0.0,0.000287067278391763,0.0,0.0026301833861934326,0.0,14.360164938191668,0.0,0.0,0.0,0.09481573104858398,0.0,2.8494995372332757e-05,0.0,0.0002626553975161948,0.0,4.9742187454565245,0.0
Online_MPC_NonAdaptive,EV Spawn Multiplier,1,10.0,0.0,33.04348557526883,0.0,9.781929032313466,0.0,103.785,0.0,0.45153541837119493,0.0,0.0,0.0,56445.58908378891,0.0,373.1601575423151,0.0,41.31282620825599,0.0,24.71595096899187,0.0,17.482517482517483,0.0,0.0,0.0,4.638365467881275,0.0,1.067017641486047,0.0,-3.391240317757189,0.0,0.0010068184392990657,0.0,0.00021147927431831151,0.0,0.0007953391649807544,0.0,21.213659275631198,0.0,0.0,0.0,10.042267322540283,0.0,2.0964704183691634e-05,0.0,7.957275331412064e-05,0.0,8.260871393817208,0.0
Online_MPC_Adaptive,EV Spawn Multiplier,1,10.0,0.0,35.34721768139566,0.0,6.001700709109613,0.0,106.92308149143076,0.0,0.448895234134309,0.0,0.0,0.0,58713.557971755356,0.0,380.0784673569498,0.0,40.40969238555695,0.0,23.36294704325063,0.0,17.391304347826086,0.0,0.0,0.0,5.671154107762657,0.0,0.0,0.0,-3.6408241976518063,0.0,0.0010355679799801114,0.0,0.0002008762612481246,0.0,0.0008346917187319869,0.0,23.41440257712859,0.0,0.0,0.0,11.02635145187378,0.0,1.9886439386210696e-05,0.0,8.308632438817791e-05,0.0,8.836804420348916,0.0
AFAP,EV Spawn Multiplier,3,16.0,0.0,-105.69381446551964,0.0,424.6254904065713,0.0,0.0,0.0,1.0,0.0,619.6323289882415,0.0,52143.760988226815,0.0,352.7621241173069,0.0,99.9532983913011,0.0,0.17217269181348802,0.0,99.28725701943844,0.0,0.0,0.0,257.06421678172757,0.0,87.8189010633948,0.0,15.280179191545177,0.0,0.0052201257639477175,0.0,0.0010093679819592415,0.0,0.0042107577819884764,0.0,-12515.228265143189,0.0,0.0,0.0,0.04751706123352051,0.0,6.338821553793467e-05,0.0,0.0002656240703716201,0.0,-10.569381446551963,0.0
ALAP,EV Spawn Multiplier,3,16.0,0.0,-56.856084229218986,0.0,234.02196012437003,0.0,0.0,0.0,0.8520753959774462,0.0,323.82191436783256,0.0,61794.13670942858,0.0,395.46044708930384,0.0,78.87040653138499,0.0,14.811583835248276,0.0,57.64578833693306,0.0,0.0,0.0,103.0566016222062,0.0,90.90965033569415,0.0,8.421297275472453,0.0,0.0021475823573390337,0.0,0.0005370213225069571,0.0,0.0016105610348320766,0.0,-2428.9896464966887,0.0,0.0,0.0,0.03546452522277832,0.0,3.412755422633183e-05,0.0,9.99552788592621e-05,0.0,-5.685608422921899,0.0
RR,EV Spawn Multiplier,3,16.0,0.0,-49.45428376413664,0.0,199.81973260707568,0.0,0.0,0.0,0.7978889548293808,0.0,0.0,0.0,31551.180067817535,0.0,267.75171742268174,0.0,75.13037910971462,0.0,20.626309576871254,0.0,46.82505399568035,0.0,0.0,0.0,38.66037773278011,0.0,30.257688626080693,0.0,7.190527627814561,0.0,0.002084505604215723,0.0,0.0006629755218810747,0.0,0.001421530082334648,0.0,-265.4020323628443,0.0,0.0,0.0,0.03193998336791992,0.0,4.1698763678182154e-05,0.0,8.871490758737937e-05,0.0,-4.945428376413664,0.0
SAC,EV Spawn Multiplier,3,16.0,0.0,-7.021195662319829,0.0,289.24555881851836,0.0,273.2759487744218,0.0,0.6007889392358456,0.0,17.479459430162052,0.0,86078.0180493106,0.0,460.3415697007419,0.0,56.88189283707318,0.0,32.70529610180876,0.0,15.432098765432102,0.0,5.0,0.0,8.511815262627337,0.0,23.640468278322874,0.0,0.5746675802699721,0.0,0.005410946226625739,0.0,0.0004976205206869335,0.0,0.004913325705938805,0.0,-33.73770601192201,0.0,0.0,0.0,0.08839225769042969,0.0,3.1140867386498046e-05,0.0,0.0003065183067282554,0.0,-0.7021195662319829,0.0
DDPG,EV Spawn Multiplier,3,16.0,0.0,33.01275952401568,0.0,163.33536578310122,0.0,310.39750000000004,0.0,0.43799872729672706,0.0,0.0,0.0,146761.28917829978,0.0,614.633584246656,0.0,42.544885456705444,0.0,38.78230637725979,0.0,12.987012987012985,0.0,7.0,0.0,3.1023414778428844,0.0,18.831708305742485,0.0,-5.292041608179687,0.0,0.004139206653260755,0.0,0.0003404211526984838,0.0,0.003798785500562271,0.0,24.280596821345863,0.0,0.0,0.0,0.06801939010620117,0.0,2.1215247150841194e-05,0.0,0.00023975519339041474,0.0,3.301275952401568,0.0
DDPG+PER,EV Spawn Multiplier,3,16.0,0.0,-1.4666038629708225,0.0,214.84664405154118,0.0,219.22250000000003,0.0,0.5893709578481181,0.0,0.0,0.0,85428.95865632204,0.0,471.9473059782162,0.0,57.99883977004553,0.0,41.95241779442074,0.0,12.987012987012985,0.0,4.0,0.0,3.0224929577493427,0.0,12.638055157695364,0.0,-0.1574654949348864,0.0,0.004233888362483631,0.0,0.0005683030231416685,0.0,0.003665585339341962,0.0,-7.535493013838335,0.0,0.0,0.0,0.1048126220703125,0.0,3.5528528645149645e-05,0.0,0.00023143463960810626,0.0,-0.14666038629708225,0.0
TQC,EV Spawn Multiplier,3,16.0,0.0,69.77688489142088,0.0,59.34390541268279,0.0,357.28468354788475,0.0,0.2758466580245676,0.0,0.0,0.0,245638.96954200492,0.0,765.5122281649595,0.0,25.247688419741948,0.0,20.647552596408016,0.0,12.987012987012985,0.0,7.0,0.0,0.7967852729666767,0.0,14.260202825179046,0.0,-10.721420595865002,0.0,0.003108369141616006,0.0,0.00012880680800761782,0.0,0.0029795623336083877,0.0,59.17501582403075,0.0,0.0,0.0,0.08813023567199707,0.0,7.902043540224955e-06,0.0,0.0001880644079616447,0.0,6.977688489142087,0.0
Online_MPC_NonAdaptive,EV Spawn Multiplier,3,16.0,0.0,9.818994575246052,0.0,61.17211426881692,0.0,110.04630877063533,0.0,0.5417484113399423,0.0,0.0,0.0,101777.62097545658,0.0,516.4456445315759,0.0,49.17016566257013,0.0,25.825182615434485,0.0,17.391304347826086,0.0,2.0,0.0,0.0,0.0,7.337402805843355,0.0,-1.7587414479407808,0.0,0.0016655285957008735,0.0,0.0004622015527270128,0.0,0.0012033270429738607,0.0,5.9414370078419765,0.0,0.0,0.0,10.026139497756958,0.0,2.8812154899514573e-05,0.0,7.506055432914936e-05,0.0,0.9818994575246052,0.0
Online_MPC_Adaptive,EV Spawn Multiplier,3,16.0,0.0,15.658734196986481,0.0,33.673763047323696,0.0,105.83164056965934,0.0,0.5157622647007567,0.0,0.0,0.0,112326.99748184114,0.0,539.7293275520932,0.0,46.418603823068096,0.0,24.905522671102734,0.0,17.391304347826086,0.0,2.0,0.0,0.0,0.0,11.39395039106003,0.0,-2.596606476844225,0.0,0.001354602895990254,0.0,0.0004260696834958395,0.0,0.0009285332124944145,0.0,12.214117999403225,0.0,0.0,0.0,13.349735021591187,0.0,2.6549507158914345e-05,0.0,5.774117105236237e-05,0.0,1.5658734196986481,0.0
AFAP,EV Spawn Multiplier,5,18.0,0.0,-91.47529066720176,0.0,457.9860888375965,0.0,0.0,0.0,1.0,0.0,637.5179962978042,0.0,56685.65547448071,0.0,361.15818900044553,0.0,99.99904214559388,0.0,0.0039493348904360145,0.0,99.98275862068967,0.0,0.0,0.0,348.02275542811844,0.0,103.8139509840476,0.0,16.566929439595363,0.0,0.0056266550299060416,0.0,0.0010398272702179575,0.0,0.004586827759688083,0.0,-91.47529066720173,0.0,0.0,0.0,0.09814023971557617,0.0,5.804009447149551e-05,0.0,0.00025724875105589436,0.0,-5.380899451011868,0.0
ALAP,EV Spawn Multiplier,5,18.0,0.0,-58.12013908444451,0.0,266.68812837295354,0.0,0.0,0.0,0.8896994606941595,0.0,395.7605227797283,0.0,76662.62238111113,0.0,431.5774127060512,0.0,82.63414465339615,0.0,12.726767487304656,0.0,64.3448275862069,0.0,0.0,0.0,243.95304978024944,0.0,81.19866426220001,0.0,9.647025341634736,0.0,0.0023987204242185297,0.0,0.0006068044615764422,0.0,0.0017919159626420876,0.0,-204.8573365501871,0.0,0.0,0.0,0.1331925392150879,0.0,3.4251562099520576e-05,0.0,9.902106436476432e-05,0.0,-3.418831710849677,0.0
RR,EV Spawn Multiplier,5,18.0,0.0,-48.05986601592066,0.0,234.7318483391753,0.0,0.0,0.0,0.8371965843858167,0.0,0.0,0.0,34140.06999632635,0.0,265.65343134996493,0.0,79.80628497880289,0.0,19.865626813817382,0.0,44.862068965517246,0.0,0.0,0.0,173.65233917724538,0.0,36.50488924635755,0.0,8.491056963173161,0.0,0.0025109774974473144,0.0,0.0007314261371326467,0.0,0.0017795513603146677,0.0,-45.60353253757105,0.0,0.0,0.0,0.0798482894897461,0.0,4.089882277843595e-05,0.0,9.908701992036632e-05,0.0,-2.82705094211298,0.0
SAC,EV Spawn Multiplier,5,18.0,0.0,-20.36513916928078,0.0,344.80526354655143,0.0,252.2939295125286,0.0,0.7186026788106794,0.0,5.393769723565973,0.0,70364.33143323284,0.0,410.5708305169004,0.0,66.09566398725708,0.0,35.29955956251853,0.0,15.432098765432102,0.0,7.0,0.0,121.37766489329809,0.0,43.06178742783129,0.0,3.346452612118463,0.0,0.005386431529147961,0.0,0.000599322292170054,0.0,0.004787109236977908,0.0,-20.972677805055127,0.0,0.0,0.0,0.1423497200012207,0.0,3.3404359197011945e-05,0.0,0.0002678616485636969,0.0,-1.1979493628988696,0.0
DDPG,EV Spawn Multiplier,5,18.0,0.0,11.28255412446135,0.0,155.7836869239491,0.0,213.985,0.0,0.541415049045221,0.0,22.95327127593839,0.0,129235.3427418033,0.0,570.0632284031603,0.0,55.464723613288214,0.0,40.79230459293973,0.0,12.987012987012985,0.0,4.0,0.0,26.327153565546286,0.0,11.747293029954422,0.0,-2.105341342288344,0.0,0.0038885942749354954,0.0,0.0004908809531646488,0.0,0.003397713321770847,0.0,11.484656354961785,0.0,0.0,0.0,0.1864149570465088,0.0,2.724357289709632e-05,0.0,0.00018959230732807232,0.0,0.6636796543800795,0.0
DDPG+PER,EV Spawn Multiplier,5,18.0,0.0,-1.0221251985143045,0.0,188.11215505630156,0.0,192.28500000000003,0.0,0.5672543702809615,0.0,22.95327127593839,0.0,119793.70719408046,0.0,516.0347602708079,0.0,58.21662147388174,0.0,41.79591404449063,0.0,12.987012987012985,0.0,4.0,0.0,20.487893992153,0.0,15.760041612972172,0.0,-0.150946130088984,0.0,0.003985670089689578,0.0,0.0005499206870427625,0.0,0.003435749402646817,0.0,0.09988176433244746,0.0,0.0,0.0,0.30603909492492676,0.0,3.053896900988903e-05,0.0,0.00019239187659530647,0.0,-0.06012501167731203,0.0
TQC,EV Spawn Multiplier,5,18.0,0.0,20.36300627194796,0.0,345.32110530228243,0.0,457.37079248062435,0.0,0.5238843787149863,0.0,148.3018940591595,0.0,232917.3489479413,0.0,686.5859138970621,0.0,48.39055866420378,0.0,30.504128084634413,0.0,15.432098765432102,0.0,5.0,0.0,173.52838774748182,0.0,90.24616824686834,0.0,-4.05322193502384,0.0,0.007117449302576579,0.0,0.000572543567040942,0.0,0.006544905735535636,0.0,-266.94967193842484,0.0,0.0,0.0,0.19226598739624023,0.0,3.157360161954273e-05,0.0,0.0003625665160942404,0.0,1.19782389834988,0.0
Online_MPC_NonAdaptive,EV Spawn Multiplier,5,18.0,0.0,18.29298969580839,0.0,34.496316469991285,0.0,130.195,0.0,0.5561651775648863,0.0,0.0,0.0,133976.00178386437,0.0,596.0839632191489,0.0,49.356473118926615,0.0,24.954735676289587,0.0,17.24137931034483,0.0,3.0,0.0,9.227260993869567,0.0,6.59501864903149,0.0,-3.4617499879259896,0.0,0.0015436701908380051,0.0,0.0004756763481176434,0.0,0.001067993842720362,0.0,11.932444148395671,0.0,0.0,0.0,10.99789547920227,0.0,2.632681137694033e-05,0.0,5.952899009228622e-05,0.0,1.0760582174004936,0.0
Online_MPC_Adaptive,EV Spawn Multiplier,5,18.0,0.0,22.41199606482404,0.0,22.22016776402765,0.0,140.715,0.0,0.5293104415373509,0.0,0.0,0.0,139284.77686834906,0.0,618.8801119251125,0.0,47.7523198350854,0.0,25.591068000906198,0.0,15.570987654320989,0.0,2.0,0.0,11.252535902192253,0.0,7.541326572435128,0.0,-4.286364962727426,0.0,0.0016021108488760492,0.0,0.0004729968823068266,0.0,0.0011291139665692228,0.0,14.067103653049875,0.0,0.0,0.0,11.922991037368774,0.0,2.6134196832154363e-05,0.0,6.30595338773854e-05,0.0,1.3183527096955319,0.0
AFAP,EV Spawn Multiplier,7,17.0,0.0,-40.6735278686547,0.0,428.2842005563711,0.0,0.0,0.0,1.0,0.0,629.3230031354084,0.0,48031.14780601462,0.0,344.0472166633818,0.0,100.0,0.0,0.0,0.0,100.0,0.0,0.0,0.0,233.70345162948712,0.0,100.26880771511779,0.0,15.524012650372631,0.0,0.00544694137956118,0.0,0.0010189287065993351,0.0,0.004428012672961844,0.0,-104.94616172274691,0.0,0.0,0.0,0.0839834213256836,0.0,6.017466329484792e-05,0.0,0.00026231653403659664,0.0,-1.7684142551589002,0.0
ALAP,EV Spawn Multiplier,7,17.0,0.0,-32.65316486567965,0.0,252.1865186673463,0.0,0.0,0.0,0.8921060179181772,0.0,374.8025208401868,0.0,71320.4976041551,0.0,392.8846574047957,0.0,82.83569227096692,0.0,12.86439899270091,0.0,61.419753086419746,0.0,0.0,0.0,86.95599188489258,0.0,74.87576148606085,0.0,9.141001935069117,0.0,0.002178066388233223,0.0,0.000549646574881152,0.0,0.0016284198133520713,0.0,-1088.4129785709256,0.0,0.0,0.0,0.07546377182006836,0.0,3.289036373975247e-05,0.0,9.537226911947316e-05,0.0,-1.4197028202469413,0.0
RR,EV Spawn Multiplier,7,17.0,0.0,-22.17381537652082,0.0,215.99235991357182,0.0,0.0,0.0,0.8473740138373079,0.0,0.0,0.0,26661.31467639236,0.0,241.67755573847697,0.0,79.38615451601541,0.0,18.365336020198246,0.0,45.817901234567906,0.0,0.0,0.0,17.478691615394844,0.0,30.812840297833528,0.0,7.829072665595081,0.0,0.002238639144474674,0.0,0.0006836268812467169,0.0,0.0015550122632279574,0.0,-26.453546770901692,0.0,0.0,0.0,0.06863164901733398,0.0,4.0465058035445623e-05,0.0,9.172738281638998e-05,0.0,-0.9640789294139488,0.0
SAC,EV Spawn Multiplier,7,17.0,0.0,-7.680782423577707,0.0,332.4737174105513,0.0,238.29608146660982,0.0,0.6976646288254444,0.0,35.385991424933486,0.0,67004.1973510232,0.0,381.18527542057404,0.0,67.29495832489529,0.0,33.44322426355461,0.0,15.432098765432102,0.0,6.0,0.0,28.59349389266981,0.0,44.786415525323854,0.0,3.4136557217769794,0.0,0.005227174936940269,0.0,0.0006458037993931806,0.0,0.004581371137547088,0.0,-10.08538228177064,0.0,0.0,0.0,0.18131613731384277,0.0,3.80434788134203e-05,0.0,0.00026974898882072256,0.0,-0.33394706189468293,0.0
DDPG,EV Spawn Multiplier,7,17.0,0.0,23.08215888388067,0.0,80.78114887832837,0.0,310.1575000000001,0.0,0.3830217546757969,0.0,9.899999999999988,0.0,196022.76616424572,0.0,691.9962667737204,0.0,36.82489909729231,0.0,35.16563615269864,0.0,15.432098765432102,0.0,9.0,0.0,0.0,0.0,10.04766531451092,0.0,-8.314202045939037,0.0,0.003340100428804647,0.0,0.0002907879569487733,0.0,0.003049312471855874,0.0,14.383610050060707,0.0,0.0,0.0,0.13819575309753418,0.0,1.6948156202272092e-05,0.0,0.00018054029128499187,0.0,1.003572125386116,0.0
DDPG+PER,EV Spawn Multiplier,7,17.0,0.0,7.108772763547986,0.0,160.38193074490763,0.0,241.56000000000006,0.0,0.5193109766225578,0.0,28.55521156063906,0.0,136427.29921559914,0.0,553.1255906874608,0.0,50.85563495485373,0.0,41.123051310575164,0.0,15.432098765432102,0.0,7.0,0.0,0.0,0.0,20.09533062902186,0.0,-2.942460572703312,0.0,0.0038089413204552025,0.0,0.000425968727728846,0.0,0.0033829725927263564,0.0,1.7720119384512276,0.0,0.0,0.0,0.17199063301086426,0.0,2.4998690828652052e-05,0.0,0.0002010983253053908,0.0,0.3090770766759994,0.0
TQC,EV Spawn Multiplier,7,17.0,0.0,27.663154230219757,0.0,210.59364520168168,0.0,474.8611154733534,0.0,0.3447412901664636,0.0,6.104290217005978,0.0,233169.77481732308,0.0,724.9895310322233,0.0,32.20318670321702,0.0,26.848361310120037,0.0,15.432098765432102,0.0,11.0,0.0,15.861747731476164,0.0,48.422188751219174,0.0,-9.578900053399076,0.0,0.004951327709779996,0.0,0.0003301101426254355,0.0,0.0046212175671545615,0.0,16.513004837812023,0.0,0.0,0.0,0.20003390312194824,0.0,1.903801572449021e-05,0.0,0.0002700769133903925,0.0,1.202745836096511,0.0
Online_MPC_NonAdaptive,EV Spawn Multiplier,7,17.0,0.0,9.66946014184814,0.0,25.146797108760907,0.0,117.03033467159366,0.0,0.54071631588436,0.0,0.0,0.0,119769.05168852965,0.0,549.5534532148814,0.0,49.09112057193081,0.0,24.68215405628489,0.0,18.104347826086954,0.0,5.0,0.0,0.0,0.0,5.217398676753449,0.0,-3.3305015632923407,0.0,0.001429898055989058,0.0,0.00044042037467754535,0.0,0.0009894776813115125,0.0,5.516321492480018,0.0,0.0,0.0,10.242799997329712,0.0,2.5777376739359016e-05,0.0,5.8269609264793626e-05,0.0,0.42041131051513647,0.0
Online_MPC_Adaptive,EV Spawn Multiplier,7,17.0,0.0,9.542227188468232,0.0,22.428135243056502,0.0,116.48904207920285,0.0,0.5464939449529047,0.0,0.0,0.0,122963.32309415014,0.0,551.730822488195,0.0,49.18445504576143,0.0,26.316965753474978,0.0,17.021604938271604,0.0,5.0,0.0,0.0,0.0,4.245722805030548,0.0,-3.4094246431060307,0.0,0.0013513438354762321,0.0,0.0004260378817215023,0.0,0.0009253059537547298,0.0,5.866290269106589,0.0,0.0,0.0,13.982230186462402,0.0,2.494579151533988e-05,0.0,5.476505927963537e-05,0.0,0.4148794429768796,0.0
AFAP,EV Spawn Multiplier,10,22.0,0.0,-53.18559842186579,0.0,521.6614034823585,0.0,0.0,0.0,1.0,0.0,774.8546745282877,0.0,81138.299440023,0.0,427.0882180866102,0.0,100.0,0.0,0.0,0.0,100.0,0.0,0.0,0.0,530.1625914049272,0.0,123.72017519260564,0.0,18.836888502588454,0.0,0.006581850321438251,0.0,0.0012754926466184112,0.0,0.005306357674819841,0.0,-1162.3451447380155,0.0,0.0,0.0,0.09422731399536133,0.0,5.8212793330452605e-05,0.0,0.000243294126233471,0.0,-2.2160666009110748,0.0
ALAP,EV Spawn Multiplier,10,22.0,0.0,-39.13242547165187,0.0,314.30523990889355,0.0,0.0,0.0,0.9107921336950572,0.0,385.39907804922404,0.0,80914.57035551313,0.0,439.71658342054343,0.0,84.87943188096258,0.0,11.60170190551909,0.0,64.3448275862069,0.0,0.0,0.0,448.8875456370425,0.0,90.08577042991244,0.0,11.349378582391834,0.0,0.002799393740764849,0.0,0.0007947476642573018,0.0,0.0020046460765075474,0.0,-1902.0791058907073,0.0,0.0,0.0,0.09384536743164062,0.0,3.663173352904896e-05,0.0,9.080795504455901e-05,0.0,-1.6305177279854945,0.0
RR,EV Spawn Multiplier,10,22.0,0.0,-24.34035199474858,0.0,236.0384899674054,0.0,0.0,0.0,0.8361693005216111,0.0,0.0,0.0,45809.96298302659,0.0,325.28379433741964,0.0,79.1785744377621,0.0,20.652930741175982,0.0,45.758620689655174,0.0,0.0,0.0,327.4731676386694,0.0,40.37177119266444,0.0,8.523211968825912,0.0,0.002809309841250597,0.0,0.0009226365905214222,0.0,0.0018866732507291752,0.0,-22.516403525430526,0.0,0.0,0.0,0.10485672950744629,0.0,4.2132396292098755e-05,0.0,8.604648015530195e-05,0.0,-1.0141813331145242,0.0
SAC,EV Spawn Multiplier,10,22.0,0.0,13.530008499283266,0.0,291.440052839882,0.0,416.35542506172385,0.0,0.5632913092566666,0.0,0.9735178625428131,0.0,180902.12823867679,0.0,686.7244154579383,0.0,53.02450922830192,0.0,36.12654803399205,0.0,12.987012987012985,0.0,8.0,0.0,111.18828550748788,0.0,24.505011584526283,0.0,-4.510621109966297,0.0,0.005691727549182193,0.0,0.0006763468830765612,0.0,0.005015380666105633,0.0,1.3848241719726275,0.0,0.0,0.0,0.21764397621154785,0.0,3.0593616068243935e-05,0.0,0.00022848512259419752,0.0,0.5637503541368027,0.0
DDPG,EV Spawn Multiplier,10,22.0,0.0,18.28019024378364,0.0,179.74231988012315,0.0,391.61000000000007,0.0,0.452878400374064,0.0,39.050167769661,0.0,255779.99926918582,0.0,792.7150483095323,0.0,46.67781118274358,0.0,40.32921952693873,0.0,12.987012987012985,0.0,9.0,0.0,73.05217555969115,0.0,10.009530047768068,0.0,-7.650418146864422,0.0,0.005206812075204062,0.0,0.0004823600889803233,0.0,0.004724451986223738,0.0,9.055512659583904,0.0,0.0,0.0,0.14035677909851074,0.0,2.183178684795006e-05,0.0,0.0002157532778987673,0.0,0.761674593490985,0.0
DDPG+PER,EV Spawn Multiplier,10,22.0,0.0,0.6451128960742096,0.0,261.5452927076343,0.0,289.385,0.0,0.6107855282881527,0.0,110.41726178625625,0.0,169972.49359036793,0.0,644.3706224903187,0.0,62.061650808090285,0.0,41.65421488683412,0.0,12.987012987012985,0.0,7.0,0.0,93.04214316914698,0.0,41.52552249697815,0.0,-1.0052755651659526,0.0,0.0056330637147289035,0.0,0.0007654177819752685,0.0,0.004867645932753634,0.0,-2.474755636804088,0.0,0.0,0.0,0.17976641654968262,0.0,3.4768816036583856e-05,0.0,0.0002224307580494643,0.0,0.02687970400309207,0.0
TQC,EV Spawn Multiplier,10,22.0,0.0,33.74731907565075,0.0,318.68841582426614,0.0,644.4920038228913,0.0,0.4040829730631763,0.0,84.18548502632716,0.0,367755.6268144354,0.0,929.2186148166131,0.0,38.08671559368937,0.0,27.249444995778074,0.0,12.987012987012985,0.0,15.0,0.0,154.28723832617897,0.0,93.04660605196136,0.0,-11.764577214079655,0.0,0.007413078817797819,0.0,0.00045085228542549835,0.0,0.00696222653237232,0.0,-910.7697653945015,0.0,0.0,0.0,0.17476916313171387,0.0,2.0265901178053767e-05,0.0,0.0003162523061232116,0.0,1.4061382948187813,0.0
Online_MPC_NonAdaptive,EV Spawn Multiplier,10,22.0,0.0,10.58230330319443,0.0,55.81057122434093,0.0,142.3675,0.0,0.6370447829030054,0.0,0.0,0.0,149609.5265379935,0.0,647.8792130804841,0.0,56.964466277214115,0.0,21.450999807876407,0.0,13.766233766233766,0.0,2.0,0.0,109.6656513310916,0.0,8.138764168009125,0.0,-3.1255201277867197,0.0,0.0020868653668676728,0.0,0.0007061491520997115,0.0,0.0013807162147679616,0.0,2.596559129388263,0.0,0.0,0.0,11.055907249450684,0.0,3.201506069267399e-05,0.0,6.25187440175062e-05,0.0,0.4409293042997679,0.0
Online_MPC_Adaptive,EV Spawn Multiplier,10,22.0,0.0,12.07456168740774,0.0,34.376055055551376,0.0,139.67132662901318,0.0,0.6249815436225067,0.0,0.0,0.0,161546.5370512292,0.0,666.6175558782868,0.0,55.340086130380584,0.0,23.73705256976966,0.0,16.441558441558442,0.0,1.0,0.0,100.28384715045152,0.0,6.268696685688568,0.0,-3.8021507384648747,0.0,0.001895919253351124,0.0,0.0006876682268904889,0.0,0.0012082510264606351,0.0,3.632079796890996,0.0,0.0,0.0,13.969782829284668,0.0,3.11768707446632e-05,0.0,5.4631964939212646e-05,0.0,0.5031067369753225,0.0
