Algorithm,parameter_name,parameter_value,total_ev_served_mean,total_ev_served_std,total_evs_spawned_mean,total_evs_spawned_std,total_profits_mean,total_profits_std,total_energy_charged_mean,total_energy_charged_std,total_energy_discharged_mean,total_energy_discharged_std,average_user_satisfaction_mean,average_user_satisfaction_std,power_tracker_violation_mean,power_tracker_violation_std,tracking_error_mean,tracking_error_std,energy_tracking_error_mean,energy_tracking_error_std,energy_user_satisfaction_mean,energy_user_satisfaction_std,std_energy_user_satisfaction_mean,std_energy_user_satisfaction_std,min_energy_user_satisfaction_mean,min_energy_user_satisfaction_std,total_steps_min_emergency_battery_capacity_violation_mean,total_steps_min_emergency_battery_capacity_violation_std,transformer_overload_kwh_mean,transformer_overload_kwh_std,peak_transformer_loading_pct_mean,peak_transformer_loading_pct_std,average_transformer_loading_pct_mean,average_transformer_loading_pct_std,battery_degradation_mean,battery_degradation_std,battery_degradation_calendar_mean,battery_degradation_calendar_std,battery_degradation_cycling_mean,battery_degradation_cycling_std,total_reward_mean,total_reward_std,action_mask_mean,action_mask_std,execution_time_mean,execution_time_std,v2g_time_percentage_mean,v2g_time_percentage_std,average_v2g_power_mean,average_v2g_power_std,calendar_degradation_mean,calendar_degradation_std,cyclic_degradation_mean,cyclic_degradation_std,profit_per_ev_mean,profit_per_ev_std
AFAP,Transformer Max Power (kW),25,16.0,0.0,16.0,0.0,-98.6953790347602,0.0,464.67299778112334,0.0,0.0,0.0,1.0,0.0,643.1303946214376,0.0,61677.66935543795,7.275957614183426e-12,368.077344041621,0.0,100.0,0.0,0.0,0.0,100.0,0.0,0.0,0.0,280.37468428123145,0.0,412.70588462774975,0.0,66.38185682587475,0.0,0.005380781954359333,8.673617379884035e-19,0.0009551547777394807,1.0842021724855044e-19,0.004425627176619852,0.0,-24816.54853613225,0.0,0.0,0.0,0.10998257001241048,0.044664791171761746,0.0,0.0,0.0,0.0,6.0016677824146525e-05,0.0,0.00027940089732436104,0.0,-6.168461189672512,0.0
ALAP,Transformer Max Power (kW),25,16.0,0.0,16.0,0.0,-55.74511486058628,0.0,249.53542286274168,2.842170943040401e-14,0.0,0.0,0.7754081549970567,0.0,311.2271314305753,0.0,85570.29307100765,0.0,417.2632873645714,0.0,77.54081549970567,0.0,14.493132759047201,0.0,61.419753086419746,0.0,0.0,0.0,115.56542286274164,1.4210854715202004e-14,371.39999999999986,0.0,35.647917551820235,0.0,0.0021974015555746205,0.0,0.00046551839222826316,0.0,0.0017318831633463573,0.0,-3610.008384665531,4.547473508864641e-13,0.0,0.0,0.08814795811971028,0.02459484522094916,0.0,0.0,0.0,0.0,2.9681433026585264e-05,3.3881317890172014e-21,0.00010659499673146276,0.0,-3.4840696787866423,0.0
RR,Transformer Max Power (kW),25,16.0,0.0,16.0,0.0,-44.3509403901808,7.105427357601002e-15,212.90012308846192,0.0,0.0,0.0,0.7416935519184733,0.0,0.0,0.0,42032.09612467276,0.0,298.28502142356353,0.0,74.16935519184733,0.0,22.133326031290853,0.0,44.078125,0.0,0.0,0.0,20.5669401290659,0.0,145.44000000000003,0.0,30.4143032983517,0.0,0.0020839653006791536,0.0,0.000590803707270342,0.0,0.0014931615934088121,2.168404344971009e-19,-1151.6044300426415,0.0,0.0,0.0,0.1045974890391032,0.03929986625367961,0.0,0.0,0.0,0.0,3.720590172674897e-05,0.0,9.308208508273278e-05,1.3552527156068805e-20,-2.7719337743863,4.440892098500626e-16
SAC,Transformer Max Power (kW),25,16.0,0.0,16.0,0.0,-14.628641284643544,1.7763568394002505e-15,248.87405696904185,2.842170943040401e-14,181.32419507731004,0.0,0.582282191355851,0.0,11.14658901782853,0.0,97283.84363760705,0.0,449.208577129208,5.684341886080802e-14,58.228219135585086,7.105427357601002e-15,31.535718086387835,0.0,15.432098765432102,0.0,3.0,0.0,0.0,0.0,87.21646706608306,0.0,9.649980270247402,0.0,0.003734137410180694,0.0,0.00043707619857583264,0.0,0.0032970612116048612,0.0,-17.71018175522344,0.0,0.0,0.0,0.21197382609049478,0.07893572198098718,55.83173996175909,7.105427357601002e-15,2.4838930832508224,0.0,2.740565676449726e-05,0.0,0.00020678962612939578,0.0,-0.9142900802902215,1.1102230246251565e-16
DDPG,Transformer Max Power (kW),25,16.0,0.0,16.0,0.0,-7.790778922749376,0.0,193.0373532080447,0.0,153.3025,0.0,0.5371524127707464,0.0,0.0,0.0,99245.64913521492,0.0,471.4502913039808,0.0,53.71524127707465,0.0,40.85339427561788,0.0,15.432098765432102,0.0,4.0,0.0,0.0,0.0,89.51999999999991,1.4210854715202004e-14,5.676407601149232,8.881784197001252e-16,0.0034469145952191276,4.336808689942018e-19,0.000461539351162816,0.0,0.0029853752440563114,0.0,-10.453003265620488,0.0,0.0,0.0,0.19909350077311197,0.06242126484644958,53.72848948374761,0.0,2.1822419928825623,0.0,2.8869995491329114e-05,0.0,0.00018844021404186757,0.0,-0.486923682671836,0.0
DDPG+PER,Transformer Max Power (kW),25,16.0,0.0,16.0,0.0,6.354255055452843,0.0,157.83012856409016,0.0,179.395,0.0,0.4831935342817502,5.551115123125783e-17,0.0,0.0,116524.80545837987,0.0,532.7500159479353,0.0,48.31935342817502,0.0,40.072516834805256,0.0,15.432098765432102,0.0,5.0,0.0,2.6911148484626572,0.0,143.05783757540252,0.0,-3.0806959194156973,4.440892098500626e-16,0.0032063239487036214,0.0,0.0003660206350548873,0.0,0.002840303313648733,4.336808689942018e-19,-576.9431152892456,0.0,0.0,0.0,0.21302072207132974,0.10428656577759506,63.8623326959847,7.105427357601002e-15,2.1484431137724553,0.0,2.2865601092092057e-05,3.3881317890172014e-21,0.0001775358593265338,0.0,0.3971409409658027,0.0
TQC,Transformer Max Power (kW),25,16.0,0.0,16.0,0.0,-25.877507191806988,0.0,398.47208828879405,0.0,276.78963074112886,0.0,0.6400506152963379,0.0,156.3988827640785,0.0,149880.58898330657,0.0,467.70212834639966,0.0,64.00506152963379,0.0,31.477376705670768,0.0,15.625,0.0,3.0,0.0,121.53033761700328,0.0,309.77981495393146,0.0,17.38320822109503,0.0,0.006115119695022653,0.0,0.0006202938095088063,0.0,0.005494825885513847,8.673617379884035e-19,-22477.639902047693,0.0,0.0,0.0,0.17982284228006998,0.0654688337525785,43.977055449330784,0.0,4.813732708541371,0.0,3.8747140233392275e-05,0.0,0.00034351948222551893,5.421010862427522e-20,-1.6173441994879367,0.0
Online_MPC_NonAdaptive,Transformer Max Power (kW),25,16.0,0.0,16.0,0.0,18.566568015715742,0.0,138.09523641845496,0.0,224.4,2.842170943040401e-14,0.4186760025140018,0.0,3.228830918562775,0.0,159435.30579693106,0.0,599.1043235528518,0.0,41.86760025140018,0.0,4.381331482370459,0.0,37.43827160493828,0.0,36.0,0.0,0.0,0.0,55.329069967936725,0.0,-12.329251940220717,0.0,0.002155738102517348,0.0,0.0002966107073566557,0.0,0.001859127395160692,2.168404344971009e-19,-959.107507111771,0.0,0.0,0.0,9.63602900505066,1.5163934938790642,17.208413001912046,0.0,9.973333333333334,0.0,1.85148876892051e-05,0.0,0.00011532482862088707,0.0,1.1604105009822339,0.0
Online_MPC_Adaptive,Transformer Max Power (kW),25,16.0,0.0,16.0,0.0,18.566568015715742,0.0,138.09523641845496,0.0,224.4,2.842170943040401e-14,0.4186760025140018,0.0,3.228830918562775,0.0,159435.30579693106,0.0,599.1043235528518,0.0,41.86760025140018,0.0,4.381331482370459,0.0,37.43827160493828,0.0,36.0,0.0,0.0,0.0,55.329069967936725,0.0,-12.329251940220717,0.0,0.002155738102517348,0.0,0.0002966107073566557,0.0,0.001859127395160692,2.168404344971009e-19,-959.107507111771,0.0,0.0,0.0,9.09873080253601,1.138752505738946,17.208413001912046,0.0,9.973333333333334,0.0,1.85148876892051e-05,0.0,0.00011532482862088707,0.0,1.1604105009822339,0.0
AFAP,Transformer Max Power (kW),50,16.0,0.0,16.0,0.0,-98.6953790347602,0.0,464.67299778112334,0.0,0.0,0.0,1.0,0.0,643.1303946214376,0.0,61677.66935543795,7.275957614183426e-12,368.077344041621,0.0,100.0,0.0,0.0,0.0,100.0,0.0,0.0,0.0,142.73612256159836,0.0,206.35294231387488,0.0,33.190928412937375,0.0,0.005380781954359333,8.673617379884035e-19,0.0009551547777394807,1.0842021724855044e-19,0.004425627176619852,0.0,-11683.254133412347,1.8189894035458565e-12,0.0,0.0,0.07661811510721843,0.01911516043046729,0.0,0.0,0.0,0.0,6.0016677824146525e-05,0.0,0.00027940089732436104,0.0,-6.168461189672512,0.0
ALAP,Transformer Max Power (kW),50,16.0,0.0,16.0,0.0,-55.74511486058628,0.0,249.53542286274168,2.842170943040401e-14,0.0,0.0,0.7754081549970567,0.0,311.2271314305753,0.0,85570.29307100765,0.0,417.2632873645714,0.0,77.54081549970567,0.0,14.493132759047201,0.0,61.419753086419746,0.0,0.0,0.0,31.205284747677734,3.552713678800501e-15,185.69999999999993,0.0,17.823958775910118,0.0,0.0021974015555746205,0.0,0.00046551839222826316,0.0,0.0017318831633463573,0.0,-705.4134986345601,0.0,0.0,0.0,0.10096581776936848,0.02995307811437317,0.0,0.0,0.0,0.0,2.9681433026585264e-05,3.3881317890172014e-21,0.00010659499673146276,0.0,-3.4840696787866423,0.0
RR,Transformer Max Power (kW),50,16.0,0.0,16.0,0.0,-44.3509403901808,7.105427357601002e-15,212.90012308846192,0.0,0.0,0.0,0.7416935519184733,0.0,0.0,0.0,42032.09612467276,0.0,298.28502142356353,0.0,74.16935519184733,0.0,22.133326031290853,0.0,44.078125,0.0,0.0,0.0,0.0,0.0,72.72000000000001,0.0,15.20715164917585,0.0,0.0020839653006791536,0.0,0.000590803707270342,0.0,0.0014931615934088121,2.168404344971009e-19,-42.68006310369203,0.0,0.0,0.0,0.10342152913411458,0.04350160667396153,0.0,0.0,0.0,0.0,3.720590172674897e-05,0.0,9.308208508273278e-05,1.3552527156068805e-20,-2.7719337743863,4.440892098500626e-16
SAC,Transformer Max Power (kW),50,16.0,0.0,16.0,0.0,-9.056580438147417,0.0,224.72845440520646,2.842170943040401e-14,191.0717503151479,0.0,0.5454449128671155,0.0,32.361012637285064,0.0,126912.59888139386,0.0,493.7089467406095,0.0,54.544491286711555,0.0,34.353911544293,0.0,15.432098765432102,0.0,4.0,0.0,0.0,0.0,50.51637910639166,7.105427357601002e-15,2.40405029214704,0.0,0.0034054517841059675,0.0,0.00037312774988615963,0.0,0.0030323240342198074,0.0,-7.344536734153884,0.0,0.0,0.0,0.1528345743815104,0.03292665701465589,60.038240917782026,0.0,2.434035035861757,0.0,2.3454000050816305e-05,3.3881317890172014e-21,0.00019121521421064445,0.0,-0.5660362773842136,0.0
DDPG,Transformer Max Power (kW),50,16.0,0.0,16.0,0.0,-7.790778922749376,0.0,193.0373532080447,0.0,153.3025,0.0,0.5371524127707464,0.0,0.0,0.0,99245.64913521492,0.0,471.4502913039808,0.0,53.71524127707465,0.0,40.85339427561788,0.0,15.432098765432102,0.0,4.0,0.0,0.0,0.0,44.759999999999955,7.105427357601002e-15,2.838203800574616,4.440892098500626e-16,0.0034469145952191276,4.336808689942018e-19,0.000461539351162816,0.0,0.0029853752440563114,0.0,-10.453003265620488,0.0,0.0,0.0,0.1826794147491455,0.06868610759975212,53.72848948374761,0.0,2.1822419928825623,0.0,2.8869995491329114e-05,0.0,0.00018844021404186757,0.0,-0.486923682671836,0.0
DDPG+PER,Transformer Max Power (kW),50,16.0,0.0,16.0,0.0,6.354255055452843,0.0,157.83012856409016,0.0,179.395,0.0,0.4831935342817502,5.551115123125783e-17,0.0,0.0,116524.80545837987,0.0,532.7500159479353,0.0,48.31935342817502,0.0,40.072516834805256,0.0,15.432098765432102,0.0,5.0,0.0,0.0,0.0,71.52891878770126,0.0,-1.5403479597078487,2.220446049250313e-16,0.0032063239487036214,0.0,0.0003660206350548873,0.0,0.002840303313648733,4.336808689942018e-19,0.5709154201122972,0.0,0.0,0.0,0.10919944445292155,0.019002788978490663,63.8623326959847,7.105427357601002e-15,2.1484431137724553,0.0,2.2865601092092057e-05,3.3881317890172014e-21,0.0001775358593265338,0.0,0.3971409409658027,0.0
TQC,Transformer Max Power (kW),50,16.0,0.0,16.0,0.0,13.52477110586499,1.7763568394002505e-15,333.7934454162327,0.0,403.54633190026374,0.0,0.44353375434675374,0.0,96.85958710055532,1.4210854715202004e-14,267649.9217659764,0.0,629.3678245463343,0.0,44.35337543467537,0.0,28.38093956783113,0.0,15.625,0.0,8.0,0.0,17.582447015933113,0.0,136.215597231516,0.0,-4.982349034573639,0.0,0.006493936730123874,0.0,0.00044662135702297777,0.0,0.0060473153731008976,8.673617379884035e-19,-20034.39932077649,0.0,0.0,0.0,0.1277156670888265,0.014724071173095944,60.42065009560229,0.0,5.1081814164590345,0.0,2.769872926358755e-05,0.0,0.0003760377930460441,5.421010862427522e-20,0.8452981941165619,1.1102230246251565e-16
Online_MPC_NonAdaptive,Transformer Max Power (kW),50,16.0,0.0,16.0,0.0,18.566568015715742,0.0,138.09523641845496,0.0,224.4,2.842170943040401e-14,0.4186760025140018,0.0,3.228830918562775,0.0,159435.30579693106,0.0,599.1043235528518,0.0,41.86760025140018,0.0,4.381331482370459,0.0,37.43827160493828,0.0,36.0,0.0,0.0,0.0,27.664534983968363,0.0,-6.164625970110358,0.0,0.002155738102517348,0.0,0.0002966107073566557,0.0,0.001859127395160692,2.168404344971009e-19,6.370586222603927,0.0,0.0,0.0,9.895216147104898,0.8661680629256593,17.208413001912046,0.0,9.973333333333334,0.0,1.85148876892051e-05,0.0,0.00011532482862088707,0.0,1.1604105009822339,0.0
Online_MPC_Adaptive,Transformer Max Power (kW),50,16.0,0.0,16.0,0.0,18.566568015715742,0.0,138.09523641845496,0.0,224.4,2.842170943040401e-14,0.4186760025140018,0.0,3.228830918562775,0.0,159435.30579693106,0.0,599.1043235528518,0.0,41.86760025140018,0.0,4.381331482370459,0.0,37.43827160493828,0.0,36.0,0.0,0.0,0.0,27.664534983968363,0.0,-6.164625970110358,0.0,0.002155738102517348,0.0,0.0002966107073566557,0.0,0.001859127395160692,2.168404344971009e-19,6.370586222603927,0.0,0.0,0.0,9.89892872174581,1.2288782241768774,17.208413001912046,0.0,9.973333333333334,0.0,1.85148876892051e-05,0.0,0.00011532482862088707,0.0,1.1604105009822339,0.0
AFAP,Transformer Max Power (kW),100,16.0,0.0,16.0,0.0,-98.6953790347602,0.0,464.67299778112334,0.0,0.0,0.0,1.0,0.0,643.1303946214376,0.0,61677.66935543795,7.275957614183426e-12,368.077344041621,0.0,100.0,0.0,0.0,0.0,100.0,0.0,0.0,0.0,1.2028706277353756,0.0,103.17647115693744,0.0,16.595464206468687,0.0,0.005380781954359333,8.673617379884035e-19,0.0009551547777394807,1.0842021724855044e-19,0.004425627176619852,0.0,-91.49388124564435,1.4210854715202004e-14,0.0,0.0,0.10508966445922852,0.014597457443928992,0.0,0.0,0.0,0.0,6.0016677824146525e-05,0.0,0.00027940089732436104,0.0,-6.168461189672512,0.0
ALAP,Transformer Max Power (kW),100,16.0,0.0,16.0,0.0,-55.74511486058628,0.0,249.53542286274168,2.842170943040401e-14,0.0,0.0,0.7754081549970567,0.0,311.2271314305753,0.0,85570.29307100765,0.0,417.2632873645714,0.0,77.54081549970567,0.0,14.493132759047201,0.0,61.419753086419746,0.0,0.0,0.0,0.0,0.0,92.84999999999997,0.0,8.911979387955059,0.0,0.0021974015555746205,0.0,0.00046551839222826316,0.0,0.0017318831633463573,0.0,-47.843711772022914,0.0,0.0,0.0,0.08895206451416016,0.015855195066490874,0.0,0.0,0.0,0.0,2.9681433026585264e-05,3.3881317890172014e-21,0.00010659499673146276,0.0,-3.4840696787866423,0.0
RR,Transformer Max Power (kW),100,16.0,0.0,16.0,0.0,-44.3509403901808,7.105427357601002e-15,212.90012308846192,0.0,0.0,0.0,0.7416935519184733,0.0,0.0,0.0,42032.09612467276,0.0,298.28502142356353,0.0,74.16935519184733,0.0,22.133326031290853,0.0,44.078125,0.0,0.0,0.0,0.0,0.0,36.36000000000001,0.0,7.603575824587925,0.0,0.0020839653006791536,0.0,0.000590803707270342,0.0,0.0014931615934088121,2.168404344971009e-19,-42.68006310369203,0.0,0.0,0.0,0.08529456456502278,0.03573280042454705,0.0,0.0,0.0,0.0,3.720590172674897e-05,0.0,9.308208508273278e-05,1.3552527156068805e-20,-2.7719337743863,4.440892098500626e-16
SAC,Transformer Max Power (kW),100,16.0,0.0,16.0,0.0,-39.16320895826955,0.0,326.11219210254836,0.0,142.32515097129522,0.0,0.7020009361139697,1.1102230246251565e-16,121.72877853691284,0.0,71402.71710205376,0.0,388.2624926492288,5.684341886080802e-14,70.20009361139697,0.0,35.03210532480838,0.0,16.867283950617285,0.0,3.0,0.0,0.0,0.0,43.94409264483005,0.0,6.563822897544753,0.0,0.00424392294064911,0.0,0.000526568488505577,0.0,0.0037173544521435322,4.336808689942018e-19,-37.772169253661964,0.0,0.0,0.0,0.18374999364217123,0.0160659398124097,39.77055449330784,0.0,2.7370221340633694,0.0,3.317000934608109e-05,0.0,0.00023258231636473685,2.710505431213761e-20,-2.447700559891847,0.0
DDPG,Transformer Max Power (kW),100,16.0,0.0,16.0,0.0,-7.790778922749376,0.0,193.0373532080447,0.0,153.3025,0.0,0.5371524127707464,0.0,0.0,0.0,99245.64913521492,0.0,471.4502913039808,0.0,53.71524127707465,0.0,40.85339427561788,0.0,15.432098765432102,0.0,4.0,0.0,0.0,0.0,22.379999999999978,3.552713678800501e-15,1.419101900287308,2.220446049250313e-16,0.0034469145952191276,4.336808689942018e-19,0.000461539351162816,0.0,0.0029853752440563114,0.0,-10.453003265620488,0.0,0.0,0.0,0.16210071245829263,0.014224113927063792,53.72848948374761,0.0,2.1822419928825623,0.0,2.8869995491329114e-05,0.0,0.00018844021404186757,0.0,-0.486923682671836,0.0
DDPG+PER,Transformer Max Power (kW),100,16.0,0.0,16.0,0.0,6.354255055452843,0.0,157.83012856409016,0.0,179.395,0.0,0.4831935342817502,5.551115123125783e-17,0.0,0.0,116524.80545837987,0.0,532.7500159479353,0.0,48.31935342817502,0.0,40.072516834805256,0.0,15.432098765432102,0.0,5.0,0.0,0.0,0.0,35.76445939385063,0.0,-0.7701739798539243,1.1102230246251565e-16,0.0032063239487036214,0.0,0.0003660206350548873,0.0,0.002840303313648733,4.336808689942018e-19,0.5709154201122972,0.0,0.0,0.0,0.1593186855316162,0.01128475331856503,63.8623326959847,7.105427357601002e-15,2.1484431137724553,0.0,2.2865601092092057e-05,3.3881317890172014e-21,0.0001775358593265338,0.0,0.3971409409658027,0.0
TQC,Transformer Max Power (kW),100,16.0,0.0,16.0,0.0,36.76872362979342,0.0,148.12116137278207,0.0,339.39121677788285,0.0,0.2956320606421233,0.0,109.09591488690101,0.0,275304.20353399613,0.0,757.0031573605769,0.0,29.563206064212327,0.0,21.04066427908682,0.0,15.432098765432102,0.0,9.0,0.0,0.0,0.0,60.60781337792874,0.0,-6.83107340732503,0.0,0.003102215049188475,0.0,0.00013004440002244556,0.0,0.0029721706491660296,0.0,35.30972270914426,0.0,0.0,0.0,0.17127521832784018,0.007572937564603285,83.36520076481835,0.0,3.1136808878704847,0.0,8.08300917184528e-06,0.0,0.00018600689882026781,0.0,2.298045226862089,0.0
Online_MPC_NonAdaptive,Transformer Max Power (kW),100,16.0,0.0,16.0,0.0,18.566568015715742,0.0,138.09523641845496,0.0,224.4,2.842170943040401e-14,0.4186760025140018,0.0,3.228830918562775,0.0,159435.30579693106,0.0,599.1043235528518,0.0,41.86760025140018,0.0,4.381331482370459,0.0,37.43827160493828,0.0,36.0,0.0,0.0,0.0,13.832267491984181,0.0,-3.082312985055179,0.0,0.002155738102517348,0.0,0.0002966107073566557,0.0,0.001859127395160692,2.168404344971009e-19,11.345200040647333,0.0,0.0,0.0,10.342483838399252,0.6103867643601802,17.208413001912046,0.0,9.973333333333334,0.0,1.85148876892051e-05,0.0,0.00011532482862088707,0.0,1.1604105009822339,0.0
Online_MPC_Adaptive,Transformer Max Power (kW),100,16.0,0.0,16.0,0.0,18.566568015715742,0.0,138.09523641845496,0.0,224.4,2.842170943040401e-14,0.4186760025140018,0.0,3.228830918562775,0.0,159435.30579693106,0.0,599.1043235528518,0.0,41.86760025140018,0.0,4.381331482370459,0.0,37.43827160493828,0.0,36.0,0.0,0.0,0.0,13.832267491984181,0.0,-3.082312985055179,0.0,0.002155738102517348,0.0,0.0002966107073566557,0.0,0.001859127395160692,2.168404344971009e-19,11.345200040647333,0.0,0.0,0.0,10.016919692357382,0.5357754821238102,17.208413001912046,0.0,9.973333333333334,0.0,1.85148876892051e-05,0.0,0.00011532482862088707,0.0,1.1604105009822339,0.0
AFAP,Transformer Max Power (kW),200,16.0,0.0,16.0,0.0,-98.6953790347602,0.0,464.67299778112334,0.0,0.0,0.0,1.0,0.0,643.1303946214376,0.0,61677.66935543795,7.275957614183426e-12,368.077344041621,0.0,100.0,0.0,0.0,0.0,100.0,0.0,0.0,0.0,0.0,0.0,51.58823557846872,0.0,8.297732103234344,0.0,0.005380781954359333,8.673617379884035e-19,0.0009551547777394807,1.0842021724855044e-19,0.004425627176619852,0.0,-98.69537903476015,0.0,0.0,0.0,0.10502743721008301,0.02112107006003532,0.0,0.0,0.0,0.0,6.0016677824146525e-05,0.0,0.00027940089732436104,0.0,-6.168461189672512,0.0
ALAP,Transformer Max Power (kW),200,16.0,0.0,16.0,0.0,-55.74511486058628,0.0,249.53542286274168,2.842170943040401e-14,0.0,0.0,0.7754081549970567,0.0,311.2271314305753,0.0,85570.29307100765,0.0,417.2632873645714,0.0,77.54081549970567,0.0,14.493132759047201,0.0,61.419753086419746,0.0,0.0,0.0,0.0,0.0,46.42499999999998,0.0,4.455989693977529,0.0,0.0021974015555746205,0.0,0.00046551839222826316,0.0,0.0017318831633463573,0.0,-47.843711772022914,0.0,0.0,0.0,0.1320345401763916,0.053882960825030767,0.0,0.0,0.0,0.0,2.9681433026585264e-05,3.3881317890172014e-21,0.00010659499673146276,0.0,-3.4840696787866423,0.0
RR,Transformer Max Power (kW),200,16.0,0.0,16.0,0.0,-44.3509403901808,7.105427357601002e-15,212.90012308846192,0.0,0.0,0.0,0.7416935519184733,0.0,0.0,0.0,42032.09612467276,0.0,298.28502142356353,0.0,74.16935519184733,0.0,22.133326031290853,0.0,44.078125,0.0,0.0,0.0,0.0,0.0,18.180000000000003,0.0,3.8017879122939626,0.0,0.0020839653006791536,0.0,0.000590803707270342,0.0,0.0014931615934088121,2.168404344971009e-19,-42.68006310369203,0.0,0.0,0.0,0.11183253924051921,0.030480327670806363,0.0,0.0,0.0,0.0,3.720590172674897e-05,0.0,9.308208508273278e-05,1.3552527156068805e-20,-2.7719337743863,4.440892098500626e-16
SAC,Transformer Max Power (kW),200,16.0,0.0,16.0,0.0,-54.327695755698166,7.105427357601002e-15,349.7380403979169,0.0,95.30112086586415,0.0,0.7725651942409825,0.0,198.8418965429871,0.0,54948.841691296584,0.0,356.1691732514665,0.0,77.25651942409824,0.0,30.91363145957764,0.0,15.432098765432102,0.0,2.0,0.0,0.0,0.0,27.974558608940708,3.552713678800501e-15,4.5435164202152265,0.0,0.004398623106063095,0.0,0.0006527158094365443,1.0842021724855044e-19,0.0037459072966265507,4.336808689942018e-19,-53.85755284718508,7.105427357601002e-15,0.0,0.0,0.1846919059753418,0.032074833868032365,27.342256214149142,0.0,2.6657656186255707,0.0,4.104080162937103e-05,0.0,0.00023538583554162803,0.0,-3.3954809847311354,4.440892098500626e-16
DDPG,Transformer Max Power (kW),200,16.0,0.0,16.0,0.0,-7.790778922749376,0.0,193.0373532080447,0.0,153.3025,0.0,0.5371524127707464,0.0,0.0,0.0,99245.64913521492,0.0,471.4502913039808,0.0,53.71524127707465,0.0,40.85339427561788,0.0,15.432098765432102,0.0,4.0,0.0,0.0,0.0,11.189999999999989,1.7763568394002505e-15,0.709550950143654,1.1102230246251565e-16,0.0034469145952191276,4.336808689942018e-19,0.000461539351162816,0.0,0.0029853752440563114,0.0,-10.453003265620488,0.0,0.0,0.0,0.17215545972188315,0.011462430527998384,53.72848948374761,0.0,2.1822419928825623,0.0,2.8869995491329114e-05,0.0,0.00018844021404186757,0.0,-0.486923682671836,0.0
DDPG+PER,Transformer Max Power (kW),200,16.0,0.0,16.0,0.0,6.354255055452843,0.0,157.83012856409016,0.0,179.395,0.0,0.4831935342817502,5.551115123125783e-17,0.0,0.0,116524.80545837987,0.0,532.7500159479353,0.0,48.31935342817502,0.0,40.072516834805256,0.0,15.432098765432102,0.0,5.0,0.0,0.0,0.0,17.882229696925314,0.0,-0.38508698992696216,5.551115123125783e-17,0.0032063239487036214,0.0,0.0003660206350548873,0.0,0.002840303313648733,4.336808689942018e-19,0.5709154201122972,0.0,0.0,0.0,0.16478625933329263,0.04166284245051484,63.8623326959847,7.105427357601002e-15,2.1484431137724553,0.0,2.2865601092092057e-05,3.3881317890172014e-21,0.0001775358593265338,0.0,0.3971409409658027,0.0
TQC,Transformer Max Power (kW),200,16.0,0.0,16.0,0.0,17.14978619046157,0.0,215.9379806702253,2.842170943040401e-14,292.43030989824376,0.0,0.40992652961857257,0.0,0.33000000000000185,0.0,161022.50240841313,0.0,587.842473740044,0.0,40.99265296185725,0.0,32.33414271029912,0.0,15.432098765432102,0.0,8.0,0.0,0.0,0.0,10.55256636675717,0.0,-1.3659344505003308,0.0,0.003827274593278671,0.0,0.00022677602278264308,0.0,0.003600498570496028,0.0,8.73635228692799,0.0,0.0,0.0,0.24325966835021973,0.07452153594505098,72.848948374761,0.0,3.07013448712067,4.440892098500626e-16,1.4253567629832348e-05,1.6940658945086007e-21,0.00022591628155723775,0.0,1.071861636903848,0.0
Online_MPC_NonAdaptive,Transformer Max Power (kW),200,16.0,0.0,16.0,0.0,18.566568015715742,0.0,138.09523641845496,0.0,224.4,2.842170943040401e-14,0.4186760025140018,0.0,3.228830918562775,0.0,159435.30579693106,0.0,599.1043235528518,0.0,41.86760025140018,0.0,4.381331482370459,0.0,37.43827160493828,0.0,36.0,0.0,0.0,0.0,6.916133745992091,0.0,-1.5411564925275896,0.0,0.002155738102517348,0.0,0.0002966107073566557,0.0,0.001859127395160692,2.168404344971009e-19,11.345200040647333,0.0,0.0,0.0,10.33001216252645,0.3448317781179161,17.208413001912046,0.0,9.973333333333334,0.0,1.85148876892051e-05,0.0,0.00011532482862088707,0.0,1.1604105009822339,0.0
Online_MPC_Adaptive,Transformer Max Power (kW),200,16.0,0.0,16.0,0.0,18.566568015715742,0.0,138.09523641845496,0.0,224.4,2.842170943040401e-14,0.4186760025140018,0.0,3.228830918562775,0.0,159435.30579693106,0.0,599.1043235528518,0.0,41.86760025140018,0.0,4.381331482370459,0.0,37.43827160493828,0.0,36.0,0.0,0.0,0.0,6.916133745992091,0.0,-1.5411564925275896,0.0,0.002155738102517348,0.0,0.0002966107073566557,0.0,0.001859127395160692,2.168404344971009e-19,11.345200040647333,0.0,0.0,0.0,9.911547978719076,0.6688083029552586,17.208413001912046,0.0,9.973333333333334,0.0,1.85148876892051e-05,0.0,0.00011532482862088707,0.0,1.1604105009822339,0.0
AFAP,Transformer Max Power (kW),400,16.0,0.0,16.0,0.0,-98.6953790347602,0.0,464.67299778112334,0.0,0.0,0.0,1.0,0.0,643.1303946214376,0.0,61677.66935543795,7.275957614183426e-12,368.077344041621,0.0,100.0,0.0,0.0,0.0,100.0,0.0,0.0,0.0,0.0,0.0,25.79411778923436,0.0,4.148866051617172,0.0,0.005380781954359333,8.673617379884035e-19,0.0009551547777394807,1.0842021724855044e-19,0.004425627176619852,0.0,-98.69537903476015,0.0,0.0,0.0,0.10891199111938477,0.03505439107336852,0.0,0.0,0.0,0.0,6.0016677824146525e-05,0.0,0.00027940089732436104,0.0,-6.168461189672512,0.0
ALAP,Transformer Max Power (kW),400,16.0,0.0,16.0,0.0,-55.74511486058628,0.0,249.53542286274168,2.842170943040401e-14,0.0,0.0,0.7754081549970567,0.0,311.2271314305753,0.0,85570.29307100765,0.0,417.2632873645714,0.0,77.54081549970567,0.0,14.493132759047201,0.0,61.419753086419746,0.0,0.0,0.0,0.0,0.0,23.21249999999999,0.0,2.2279948469887647,0.0,0.0021974015555746205,0.0,0.00046551839222826316,0.0,0.0017318831633463573,0.0,-47.843711772022914,0.0,0.0,0.0,0.11381761233011882,0.02225428219146969,0.0,0.0,0.0,0.0,2.9681433026585264e-05,3.3881317890172014e-21,0.00010659499673146276,0.0,-3.4840696787866423,0.0
RR,Transformer Max Power (kW),400,16.0,0.0,16.0,0.0,-44.3509403901808,7.105427357601002e-15,212.90012308846192,0.0,0.0,0.0,0.7416935519184733,0.0,0.0,0.0,42032.09612467276,0.0,298.28502142356353,0.0,74.16935519184733,0.0,22.133326031290853,0.0,44.078125,0.0,0.0,0.0,0.0,0.0,9.090000000000002,0.0,1.9008939561469813,0.0,0.0020839653006791536,0.0,0.000590803707270342,0.0,0.0014931615934088121,2.168404344971009e-19,-42.68006310369203,0.0,0.0,0.0,0.13652475674947104,0.03785122349049253,0.0,0.0,0.0,0.0,3.720590172674897e-05,0.0,9.308208508273278e-05,1.3552527156068805e-20,-2.7719337743863,4.440892098500626e-16
SAC,Transformer Max Power (kW),400,16.0,0.0,16.0,0.0,-65.2213325567181,0.0,359.47705257712533,0.0,55.40749976236006,0.0,0.8224700687713099,0.0,249.93753839885278,0.0,50888.74970666125,7.275957614183426e-12,332.08436089668663,0.0,82.24700687713099,0.0,32.17138155563235,0.0,15.432098765432102,0.0,1.0,0.0,0.0,0.0,15.577539388867978,0.0,2.7149067215604035,0.0,0.004540301906390279,0.0,0.0007358320463120386,1.0842021724855044e-19,0.0038044698600782404,4.336808689942018e-19,-65.23900331629075,0.0,0.0,0.0,0.24277965227762857,0.03256958522242767,21.41491395793499,3.552713678800501e-15,1.978839277227145,0.0,4.623756775544638e-05,0.0,0.00023950321474460734,0.0,-4.076333284794881,0.0
DDPG,Transformer Max Power (kW),400,16.0,0.0,16.0,0.0,-7.790778922749376,0.0,193.0373532080447,0.0,153.3025,0.0,0.5371524127707464,0.0,0.0,0.0,99245.64913521492,0.0,471.4502913039808,0.0,53.71524127707465,0.0,40.85339427561788,0.0,15.432098765432102,0.0,4.0,0.0,0.0,0.0,5.594999999999994,8.881784197001252e-16,0.354775475071827,5.551115123125783e-17,0.0034469145952191276,4.336808689942018e-19,0.000461539351162816,0.0,0.0029853752440563114,0.0,-10.453003265620488,0.0,0.0,0.0,0.19132542610168457,0.04879969793980748,53.72848948374761,0.0,2.1822419928825623,0.0,2.8869995491329114e-05,0.0,0.00018844021404186757,0.0,-0.486923682671836,0.0
DDPG+PER,Transformer Max Power (kW),400,16.0,0.0,16.0,0.0,6.354255055452843,0.0,157.83012856409016,0.0,179.395,0.0,0.4831935342817502,5.551115123125783e-17,0.0,0.0,116524.80545837987,0.0,532.7500159479353,0.0,48.31935342817502,0.0,40.072516834805256,0.0,15.432098765432102,0.0,5.0,0.0,0.0,0.0,8.941114848462657,0.0,-0.19254349496348108,2.7755575615628914e-17,0.0032063239487036214,0.0,0.0003660206350548873,0.0,0.002840303313648733,4.336808689942018e-19,0.5709154201122972,0.0,0.0,0.0,0.18263578414916992,0.014917084030916522,63.8623326959847,7.105427357601002e-15,2.1484431137724553,0.0,2.2865601092092057e-05,3.3881317890172014e-21,0.0001775358593265338,0.0,0.3971409409658027,0.0
TQC,Transformer Max Power (kW),400,16.0,0.0,16.0,0.0,11.727055025173916,0.0,206.31224122539933,0.0,257.5476803835245,0.0,0.43848936929248555,0.0,0.33000000000000185,0.0,135422.16720816193,0.0,562.5855836701509,0.0,43.84893692924856,0.0,37.93124994186882,0.0,15.432098765432102,0.0,7.0,0.0,0.0,0.0,5.186702676741005,0.0,-0.457459278197547,5.551115123125783e-17,0.0038770556943007483,0.0,0.00032847256363275826,0.0,0.00354858313066799,4.336808689942018e-19,-0.6193348750114476,0.0,0.0,0.0,0.19965084393819174,0.04499669162316363,67.68642447418738,0.0,2.9101432811697685,0.0,2.0494572512052266e-05,3.3881317890172014e-21,0.0002232472213853505,2.710505431213761e-20,0.7329409390733698,0.0
Online_MPC_NonAdaptive,Transformer Max Power (kW),400,16.0,0.0,16.0,0.0,18.566568015715742,0.0,138.09523641845496,0.0,224.4,2.842170943040401e-14,0.4186760025140018,0.0,3.228830918562775,0.0,159435.30579693106,0.0,599.1043235528518,0.0,41.86760025140018,0.0,4.381331482370459,0.0,37.43827160493828,0.0,36.0,0.0,0.0,0.0,3.4580668729960453,0.0,-0.7705782462637948,0.0,0.002155738102517348,0.0,0.0002966107073566557,0.0,0.001859127395160692,2.168404344971009e-19,11.345200040647333,0.0,0.0,0.0,10.3759183883667,0.6023701150672228,17.208413001912046,0.0,9.973333333333334,0.0,1.85148876892051e-05,0.0,0.00011532482862088707,0.0,1.1604105009822339,0.0
Online_MPC_Adaptive,Transformer Max Power (kW),400,16.0,0.0,16.0,0.0,18.566568015715742,0.0,138.09523641845496,0.0,224.4,2.842170943040401e-14,0.4186760025140018,0.0,3.228830918562775,0.0,159435.30579693106,0.0,599.1043235528518,0.0,41.86760025140018,0.0,4.381331482370459,0.0,37.43827160493828,0.0,36.0,0.0,0.0,0.0,3.4580668729960453,0.0,-0.7705782462637948,0.0,0.002155738102517348,0.0,0.0002966107073566557,0.0,0.001859127395160692,2.168404344971009e-19,11.345200040647333,0.0,0.0,0.0,10.416548728942871,0.08038457073479684,17.208413001912046,0.0,9.973333333333334,0.0,1.85148876892051e-05,0.0,0.00011532482862088707,0.0,1.1604105009822339,0.0
